mode_3_frequency(cm-1),mode_3_intensity,mode_4_frequency(cm-1),mode_4_intensity,mode_5_frequency(cm-1),mode_5_intensity,mode_6_frequency(cm-1),mode_6_intensity
136.2779,8.2676,201.9882,0.9468,280.4468,110.9683,950.0653,329.1895
241.985,5.2238,336.8306,10.3932,420.9299,24.1864,996.4075,181.8765
189.7721,0.4023,326.4368,4.7557,504.3386,2.079,928.7055,175.9134
186.8052,3.4188,383.755,5.9625,564.6096,25.7459,978.5932,89.6409
152.3992,2.9862,288.3088,5.2871,469.8346,9.0027,1077.1525,133.3723
243.7653,6.9108,327.9002,21.5397,503.0203,1.44,961.5258,98.3899
209.2243,1.6809,392.8487,5.683,575.4634,16.4717,956.1613,83.8738
198.3256,0.9692,336.9082,16.7515,525.1219,5.5555,1026.0887,128.8037
187.1968,1.2389,305.6002,6.6683,543.1884,0.7963,979.9537,104.1312
141.6836,1.4764,215.4389,0.9451,351.0528,7.8211,1281.1936,342.1992
241.4225,4.056,358.3649,131.5745,411.0999,20.5459,907.339,36.7575
196.5573,3.862,358.3562,55.0254,559.4488,41.8334,940.7876,161.0377
208.9418,1.0646,276.4065,5.2997,502.8243,13.1065,1057.3712,190.0206
148.8566,1.2422,219.119,2.6556,441.6401,2.4501,1070.1682,195.579
211.5068,8.6382,269.0872,6.3074,411.3223,6.216,1119.0687,271.4625
282.9995,0.5043,373.7805,16.972,551.672,80.0935,925.2461,107.784
241.161,2.0139,308.5563,0.4332,453.4204,5.2123,1093.0702,152.8322
303.375,6.3448,368.8627,1.9337,475.4909,31.7469,877.0933,64.7603
252.3939,5.1287,394.1046,3.3272,463.1855,4.4557,822.9915,69.0149
296.0894,5.9229,333.4343,6.9797,474.9099,4.4825,872.0918,125.3285
196.9345,2.7186,394.3613,5.0018,600.8135,2.5292,893.6863,314.7587
206.65,5.4854,309.1138,18.6031,532.6311,11.243,862.8645,309.1647
164.0706,0.6985,268.1285,1.1598,508.7842,17.0009,1018.3178,324.7349
295.7713,0.1343,341.4427,0.2311,502.2209,39.9849,814.3783,84.8635
224.4609,0.6305,415.6415,2.4827,562.7403,5.7335,943.1932,98.2627
177.7049,68.3399,266.8971,3.6127,451.0693,15.4558,795.9964,425.075
161.9233,0.4598,282.3212,0.2005,352.8187,2.2553,1298.9795,296.149
202.6819,2.3274,287.5957,6.9307,519.815,0.4296,977.233,151.3314
281.8997,0.9152,310.0098,10.6762,554.2866,4.5216,954.7857,165.2176
237.9889,2.5237,313.0078,0.3483,456.782,2.1305,1108.0089,151.1291
269.5912,11.921,283.8155,2.9451,447.2957,8.8372,969.3634,161.9952
228.7306,0.391,328.2521,1.4695,500.6365,18.3399,982.8324,180.6015
123.3551,1.257,232.514,0.8077,320.5294,11.194,1338.8489,227.277
145.22,1.5958,230.4471,2.4052,478.1019,6.124,1106.1048,155.2008
195.1604,0.9408,323.793,2.4053,475.2959,0.305,1090.3248,173.4862
103.7769,0.0899,281.3441,0.8754,303.9633,0.4691,1421.3057,137.8517
227.5636,11.8063,259.9167,0.5366,545.177,28.7698,1130.9718,306.8904
246.2271,9.7565,370.1418,15.4211,571.2318,20.4518,915.9629,136.3881
202.8226,5.3738,359.5503,26.0504,548.3865,9.3733,944.3329,128.3194
210.9827,0.7578,315.5712,1.8066,559.3599,3.1941,959.9762,84.1423
242.5033,0.4669,257.2739,4.6639,448.7092,8.2687,1052.1578,106.9819
212.0656,2.0059,361.296,2.7255,566.662,33.5192,943.0698,128.6848
319.6399,4.9384,412.2838,7.5752,483.0046,2.7603,850.7078,69.7138
245.6922,5.6312,355.8761,4.4298,523.7267,18.6016,916.9554,117.3037
214.451,15.7114,341.3728,77.5125,488.6369,101.8904,910.5037,173.9778
179.124,1.0984,245.4251,12.9996,542.108,9.7185,856.5102,278.4232
214.2885,4.0335,291.9411,9.0862,541.6998,13.7089,959.5391,187.5264
147.3907,0.1849,281.7088,0.1736,339.9734,0.1319,1324.1558,228.1996
180.4041,0.3471,281.1578,5.1216,456.0627,131.9182,957.1945,305.5214
344.5946,2.5511,379.1033,5.7941,492.4401,0.554,894.0749,25.489
227.4522,2.2008,258.5885,2.1828,466.1827,6.7063,992.3395,217.6362
207.3236,116.6591,301.2123,1.924,394.2344,114.0684,881.4672,347.8538
142.1603,0.3398,245.3835,12.7248,477.3566,6.4898,1098.0169,212.4995
241.8939,0.6928,322.6136,3.8028,493.3136,2.5848,1076.5719,110.2751
209.1524,2.8668,374.8526,0.217,579.7958,17.8128,903.6006,91.416
332.9326,8.823,380.5665,10.3174,512.7659,5.3578,721.9092,64.3455
189.7574,15.082,253.5235,8.605,446.7523,15.1525,1064.1659,188.9028
202.003,2.7749,255.6702,0.8586,427.4595,5.8177,988.1491,172.9722
323.9624,55.5771,419.8969,14.1352,539.4478,70.3753,760.296,111.0731
231.8134,0.7064,281.8227,19.0619,544.6282,20.0303,991.156,194.5624
229.5769,0.1103,280.3402,2.3928,459.1157,5.8381,1074.9138,205.6351
194.6681,0.5774,355.6795,20.572,523.8308,3.5311,971.5582,141.7357
149.3063,1.4975,215.9855,1.7184,238.7433,2.9266,1290.5414,702.4549
199.2548,1.9941,375.2451,15.7716,537.9085,19.562,1026.6075,177.8995
170.4335,11.709,305.1058,33.8853,522.8763,26.88,997.6622,284.8526
151.5271,0.4078,294.7559,0.0052,358.6746,1.4308,1367.944,78.276
285.0614,13.8141,410.104,1.9977,556.0368,19.3497,810.4756,41.3333
201.4376,1.3024,317.5432,4.6199,565.2981,19.4935,954.5657,121.0139
219.8499,0.833,375.3216,1.1913,581.0854,6.411,865.4974,178.2934
266.9882,2.203,316.4929,7.7159,529.8087,7.9863,1044.7132,125.6218
136.0228,1.3698,215.2225,0.6615,343.59,2.8411,1326.1302,239.8922
315.7376,4.7845,356.6292,8.8515,451.4998,0.5676,885.6052,51.2846
156.4999,0.1334,300.8708,0.0404,356.6813,0.9933,1370.1239,55.3678
246.2862,0.7432,442.5821,4.3343,626.5738,4.9129,914.6083,60.3339
155.9784,4.9795,173.4768,1.4857,399.3999,14.9674,1259.9201,547.2451
224.9668,1.2804,438.5144,5.935,544.889,2.7852,858.4871,79.8119
117.1879,0.0672,282.2828,0.0095,314.6464,0.0156,1446.5622,20.9843
233.665,0.4729,243.6291,1.6451,458.7345,13.6424,1086.7785,265.0868
147.8264,0.1624,290.3843,0.0201,350.4913,0.4359,1382.0606,57.0962
248.1987,0.1868,383.0861,7.3817,552.8348,3.6731,970.1778,65.7779
203.3839,3.8725,337.5957,16.6635,575.5563,24.1365,989.5364,120.3825
147.6603,0.0308,288.3475,0.0011,353.1438,0.489,1395.0198,42.8328
173.6796,11.093,205.5179,6.8613,407.2595,22.9182,993.0234,253.7172
218.1975,1.535,403.2077,6.7026,471.2877,4.1884,766.8945,70.9415
223.9881,0.8798,307.6485,12.2772,510.3707,36.0542,1008.9814,344.7403
216.9233,5.5179,220.0037,1.5607,430.7452,3.835,1115.8654,210.3626
198.0461,2.6739,305.1989,3.0203,479.819,7.828,1001.5796,148.9424
221.1615,2.0658,405.1636,5.1343,558.4044,13.1909,935.5263,97.7709
332.1656,22.7215,398.0311,23.6938,478.421,1.5177,635.2947,23.3047
160.7172,0.4086,292.5541,1.2957,501.1289,0.8622,1039.6291,153.9143
180.0712,2.6506,214.2163,2.4102,518.6323,10.3903,992.5305,100.3888
223.9532,2.0809,428.7448,6.7203,600.4266,4.2202,957.533,76.4297
281.0014,11.206,329.044,7.7441,559.3855,8.592,947.0589,98.4411
208.2431,2.4157,274.9578,2.4205,544.337,42.0129,1018.5935,237.1698
342.8117,1.5605,382.3453,6.6838,414.0368,6.5864,678.283,94.6804
206.3385,4.0429,262.7663,4.2354,467.0562,9.3247,1090.8557,196.1958
110.3498,0.5632,185.779,0.9613,307.0164,3.404,1313.9153,727.5965
155.0932,1.2644,208.0645,1.1573,374.7826,3.0159,1219.8358,117.6352
244.86,1.8441,292.5546,4.4826,551.358,13.5318,1008.6115,126.4039
233.4175,1.2159,318.9149,4.3337,491.4071,1.6498,1067.9079,91.3592
148.1139,0.0789,309.5235,11.495,484.1112,19.7575,985.8287,351.9004
337.0332,1.9943,439.7141,11.3059,488.7744,6.2752,801.8985,40.7063
259.3791,7.0909,432.9125,8.0718,632.663,56.5886,851.8634,81.4147
158.9188,3.7316,263.492,2.8529,319.7346,15.5565,1037.2594,153.1615
277.7489,4.9889,303.1192,1.8832,477.4231,6.3227,998.3431,130.757
154.5608,1.749,213.7716,0.4364,389.2224,5.7478,1302.5351,230.4485
218.0911,3.5216,336.1494,12.0775,479.1585,4.0197,913.982,69.8001
160.2124,7.2076,233.2857,3.9781,428.6091,11.9631,1036.1588,162.187
267.6722,1.5802,362.225,6.0644,526.038,1.5568,806.149,59.3225
248.7878,6.4277,320.2861,26.8207,483.3565,32.4201,913.2336,245.7816
197.7793,0.876,268.7443,0.8543,521.0556,4.9443,1040.244,234.4247
242.6454,25.6587,301.7977,97.989,528.7851,5.0694,943.8903,245.482
195.3513,4.0836,347.3603,23.0536,572.2388,10.8974,895.4249,164.7606
178.9088,1.142,356.7481,0.4032,481.4717,19.3636,913.7431,92.9391
137.9732,6.1535,207.7904,15.9332,397.3812,25.6119,989.4598,242.385
222.4259,1.1841,334.5105,1.4587,522.0203,1.8894,1058.2575,78.5265
240.8588,9.749,287.5148,3.6496,494.2693,24.4718,848.2645,132.1076
282.5589,2.8806,381.1533,5.3277,559.2081,32.347,992.0542,157.176
130.2895,0.0387,284.5176,0.0159,330.823,0.3275,1393.7965,86.2968
111.59,1.2224,231.7902,0.3003,314.0655,2.848,1339.2729,267.3565
154.6273,3.509,296.0869,0.9104,378.8447,4.7027,1218.3587,281.7214
217.506,4.3263,341.8802,11.2249,560.4025,1.5194,921.6452,246.2994
112.558,1.8765,224.5288,1.3972,315.5884,3.6287,1335.7098,262.2085
196.3378,0.3727,313.0657,9.026,545.7697,15.3691,933.7054,161.0282
260.1328,22.4938,340.2872,64.0724,516.2503,50.006,737.3001,94.3157
223.4621,3.0824,329.0369,27.3994,555.2767,6.3827,940.2233,175.5751
268.0051,8.5507,287.5775,2.7938,469.9464,1.8844,911.0915,277.2464
219.5135,0.6991,374.9639,4.2506,545.6574,5.5909,882.3227,67.3499
236.5131,0.6701,346.8115,18.9888,619.7643,19.2133,884.9814,229.7895
177.6607,0.6158,245.4277,3.1851,314.9215,9.1888,1272.1511,612.4831
203.9849,10.4685,348.1119,24.4733,524.27,12.929,957.0598,176.9892
101.601,0.4758,205.9276,0.82,299.7761,12.2616,1315.5254,569.8847
284.9993,54.9243,384.1203,8.3395,491.1577,58.6931,799.8851,182.9372
320.2056,1.8933,357.7158,4.7748,456.9005,3.1219,825.7605,33.245
141.241,0.0313,291.6398,0.0141,341.1871,0.0419,1415.2476,30.5645
168.1287,0.3935,278.4056,0.025,377.5553,2.072,1337.9634,125.763
305.208,7.1253,369.4715,14.1046,720.9089,217.9458,816.0611,167.3817
186.0601,1.4449,279.6955,5.3426,494.1214,2.9801,982.6902,171.5409
233.9491,0.6259,345.1977,23.3776,476.5728,4.3075,1009.2601,146.5407
223.8595,3.1232,228.8451,2.2065,449.7772,11.826,967.3302,63.7514
156.7992,2.6873,289.7966,3.7981,536.7373,2.3447,988.3494,101.6441
189.321,6.9573,332.6769,31.1485,538.5525,2.9139,1017.8949,121.8113
316.9581,0.3939,383.067,1.9923,511.6637,7.8249,805.6478,75.89
168.4191,16.2066,234.1412,4.8916,448.1803,296.4642,676.4005,989.1496
200.7582,1.7702,297.028,10.7802,502.5886,3.3501,1045.3018,169.8283
212.4722,1.221,327.4639,14.4101,561.1618,15.9912,941.0587,93.1341
199.493,0.6527,299.5326,3.5057,557.1099,1.2498,968.0717,103.9409
214.6078,0.7561,252.0055,15.3581,573.7861,2.8345,881.277,144.6088
240.2663,16.9483,280.3605,7.2364,441.7232,5.3973,888.9592,500.9109
256.6179,0.2503,305.1766,0.9499,502.79,12.4273,1064.0649,148.0014
204.6633,7.9228,386.1809,2.4606,545.9579,28.9035,1005.4641,161.9084
178.3282,0.6634,353.3455,3.0151,411.3398,24.9659,1052.2739,56.8354
241.524,1.3229,350.6154,20.0424,578.8443,32.2967,868.9867,168.3768
201.0631,5.0248,424.3141,13.1756,581.9694,26.2645,967.1265,93.3397
185.4899,2.8868,277.2456,6.4644,509.967,6.7046,1011.189,166.888
215.7406,5.9169,238.6828,7.9649,327.5342,1.6203,984.7555,90.6868
207.1141,4.4669,378.3723,48.7053,537.7338,45.1622,955.5896,113.7844
281.2084,0.0562,387.0877,12.1338,536.9891,8.0196,996.3543,45.713
252.5587,0.5477,356.4885,2.0408,557.3376,48.0487,879.811,116.0554
307.0304,10.5266,336.8981,6.4074,437.8932,21.4943,902.7499,99.5868
351.347,6.3898,358.9383,46.2339,481.8971,3.9516,727.0246,49.6517
177.8992,0.4277,200.7558,0.1025,444.9766,5.5223,1111.726,211.5791
258.5002,7.2356,334.1094,1.0368,519.7599,8.1833,866.7429,70.061
245.2466,13.4608,410.5437,5.3534,581.5421,2.2985,845.6388,176.2027
251.919,0.2982,286.6982,0.3869,544.6515,22.8199,1109.5728,268.5106
245.3583,4.1574,288.3281,0.4469,496.9595,13.671,1028.8889,76.6233
172.4638,1.531,261.6976,0.2117,397.7052,2.7365,1274.9025,237.1776
94.5199,2.6061,220.1023,0.4978,302.6785,3.6876,1377.1223,223.0158
203.7129,1.7916,297.9032,5.7492,524.6803,9.4763,996.3681,157.0524
217.1532,4.8879,375.0912,7.0087,513.1601,16.6643,970.3284,93.9144
208.9479,1.0331,365.0928,2.5295,558.338,4.0547,930.3277,95.3304
147.8517,0.1754,286.3401,0.0428,353.1976,1.0885,1356.1181,91.0733
250.8031,5.5992,302.7025,2.8988,472.5169,10.2024,973.2455,167.3411
173.2905,1.9737,261.9085,2.8018,455.5028,4.8241,1085.227,178.0761
130.7757,0.0332,293.4776,0.0328,335.8546,0.0274,1429.2794,14.0253
259.83,1.9027,419.3856,19.4249,550.3758,19.5835,1016.9991,116.0733
127.1679,1.4954,206.6146,1.1152,327.9247,7.0962,1294.6168,343.4665
342.3308,6.1681,369.2286,2.2297,517.1497,19.49,691.5255,42.77
208.6243,4.5152,318.8386,4.8555,526.919,6.721,990.2347,368.3489
335.2312,12.9996,375.5822,34.378,553.7653,18.3992,973.8658,159.2319
237.8255,1.497,341.8944,74.6746,603.3402,12.4158,851.8705,271.0819
176.877,28.3447,311.0198,1.3945,402.7519,26.696,1007.5915,224.6215
127.2209,0.0665,288.9842,0.0099,325.6368,0.1914,1424.2256,27.9398
145.6489,1.7695,226.991,0.5271,367.5742,6.5766,1294.7729,226.6391
227.3147,0.9615,437.636,4.0958,623.4113,2.522,897.4923,83.8197
202.992,7.3197,290.8989,1.7937,392.7574,3.2478,1122.2098,219.7465
295.4884,5.3065,347.142,140.4375,425.7757,3.3679,827.1958,175.2103
357.0517,4.3667,374.6825,11.3749,528.5331,21.4359,825.4251,69.6659
303.411,13.8214,380.7062,5.9944,532.6124,26.9499,840.5779,143.5295
208.8243,13.2229,352.1292,4.0409,431.3521,209.1843,852.0366,797.464
180.2908,2.2512,242.4787,6.837,521.5126,23.7725,720.0706,347.2513
103.2851,3.3679,218.4155,2.0212,288.12,3.5211,1297.8649,674.0163
224.6539,3.7129,369.4811,1.212,470.56,1.9477,898.2842,62.445
186.8446,1.3175,371.3778,7.8099,550.3048,20.6322,954.2867,114.0209
372.5338,9.1359,420.7047,8.0801,552.9541,1.0227,765.198,35.714
340.1167,3.2203,375.0224,2.3888,457.5044,13.763,846.5281,59.5535
242.6351,4.4962,326.7125,6.9797,549.784,36.4637,994.5061,155.8227
302.6954,1.6248,411.6896,15.1781,452.7275,13.0397,843.3791,65.6398
169.6619,12.1067,288.6861,22.4512,555.2517,22.097,929.5487,180.9274
139.7002,0.2894,163.9116,1.3307,330.5737,3.3334,1215.7735,259.1923
368.7183,9.0257,455.8241,6.1076,490.305,18.4071,855.1581,47.3555
221.0158,1.985,261.311,0.2329,493.4701,5.2464,942.961,178.8728
167.4528,1.1195,246.6082,4.2177,410.5743,17.3427,1046.1115,130.2078
110.8848,1.7162,209.1032,0.8085,321.1128,1.9648,1354.0264,267.4635
185.0649,19.5356,261.139,3.935,414.4882,9.668,955.7418,362.3636
268.6607,2.8136,321.451,0.2657,470.6299,2.2372,1030.9414,112.3128
185.7303,10.0097,257.2735,28.4988,386.7318,45.143,925.0025,223.3653
202.0115,3.8842,271.3369,5.9914,477.9073,6.4501,1078.8187,246.8889
124.7258,0.0732,285.616,0.1139,335.5878,0.4728,1428.9712,33.9848
347.3043,8.3301,378.6339,8.0691,430.8852,5.008,685.3543,77.4876
197.3432,1.2047,302.8922,8.9063,554.7711,16.4012,958.1977,126.2664
239.1333,1.5694,377.1302,11.0883,534.9556,10.594,848.3868,66.8283
201.5367,100.6541,255.0484,4.1718,406.4363,29.0966,754.8691,1839.4212
247.3652,0.2296,416.6305,4.0871,612.0363,8.9815,931.1774,77.1584
233.194,37.2652,366.9783,4.3323,541.2794,23.6702,731.6537,174.9243
222.5085,0.6209,347.1774,1.6216,483.5534,3.3539,956.7199,80.0408
143.0936,0.1481,300.4047,0.0654,342.1904,0.4646,1381.6335,42.9521
140.4466,0.0118,292.5012,0.0393,341.6574,0.3806,1393.2625,65.6229
181.5947,0.1245,292.9706,45.5383,537.0637,7.5045,941.232,252.6634
268.3288,3.5253,310.2536,5.9772,535.9459,15.6362,907.162,201.5511
234.252,1.0713,259.1173,22.8216,479.0135,8.2537,965.0144,187.9081
190.8089,16.0943,331.1971,4.6488,483.999,0.1523,979.24,143.3546
164.0987,1.4508,269.9415,0.0258,391.731,3.3394,1301.6555,172.7916
177.784,1.5212,284.0719,3.8771,486.695,5.8257,1026.233,111.8601
216.5542,5.639,305.5609,7.2311,511.2723,7.4438,947.5806,264.2694
236.6923,16.0762,283.7804,0.5185,486.5335,0.2761,1017.6604,191.4995
280.0732,64.7507,341.9278,1.2222,419.4439,0.9434,895.0481,116.1437
195.1432,3.1507,244.9496,4.9388,297.2074,2.9185,1175.6021,396.4291
171.0448,6.7341,287.3376,3.5339,485.9376,16.0622,976.7763,172.1164
234.4775,0.1038,437.3811,26.338,574.0291,81.355,980.761,66.8722
214.7056,4.9503,310.7785,5.8473,386.8458,19.4606,1104.8853,256.3888
242.1856,1.4541,327.9557,1.9903,529.8997,2.5044,959.5225,205.7251
200.1179,7.344,222.8156,11.6123,379.2116,18.1718,976.222,220.9505
270.9644,3.2639,355.7244,5.3373,507.7269,6.3015,863.0423,120.2277
264.9634,19.7524,385.8953,6.8264,558.3881,26.8685,855.9469,78.2173
261.9319,15.5728,276.8685,15.326,464.9104,2.3109,908.5628,281.9996
230.6053,3.7597,418.9768,5.7714,570.0617,10.3098,976.2747,115.0844
233.9744,26.6988,322.4187,0.3507,451.3859,3.3745,1062.0304,167.6841
79.9597,3.5919,219.4081,1.0967,311.0158,1.1708,1325.162,524.2496
219.5399,4.2333,384.6653,11.5629,584.0244,20.8922,923.1267,183.611
200.7334,0.7456,367.1757,4.6387,577.7622,8.6479,938.5888,147.2952
207.2599,4.7912,341.8542,3.402,528.1967,6.9422,1010.2184,184.2003
226.5016,1.3631,373.5116,5.1504,594.9086,4.3759,896.3522,84.731
287.469,1.0389,335.4163,0.2386,458.1551,2.044,709.2538,42.4915
210.8607,6.8238,280.7633,3.5825,487.9922,1.8125,1069.7815,175.1509
228.8821,4.1217,255.8371,9.2286,567.5634,7.5451,826.0125,174.606
181.5894,0.4008,226.9189,0.9684,404.5533,21.5293,1080.7974,268.4482
198.3811,0.5379,343.514,11.7942,556.1712,14.1276,971.1038,144.8006
234.0245,20.2517,269.0587,0.3908,409.9986,34.9309,945.0534,874.525
354.4557,10.8042,418.9006,18.3443,540.5075,11.0023,766.0276,47.8475
240.0292,6.4125,313.8106,0.4473,457.5192,6.7191,1042.8669,120.5455
219.4548,0.5122,344.2113,6.1225,573.5348,2.2771,968.0113,38.9449
223.5076,1.6639,367.8552,5.5028,559.4388,29.2638,917.353,82.8622
158.2719,0.0008,298.1825,0.1198,363.8286,0.4479,1379.708,41.7913
139.2613,11.4044,222.6993,9.9746,388.1853,23.9316,1017.6502,224.9352
158.652,0.9929,212.4607,3.6879,437.9274,1.4499,1103.4812,259.3958
237.1913,1.9509,320.0089,5.4741,419.5356,7.6455,1027.6626,88.9724
210.6433,37.054,271.5987,1.8591,451.5233,4.0622,829.7136,381.0878
150.8883,8.9332,224.7346,27.4329,320.2085,32.2558,1161.5336,493.2505
336.5565,1.7637,357.6905,12.1558,542.9757,2.1889,775.074,89.1563
187.4997,0.2165,251.5672,2.1556,563.6108,15.4428,789.9769,188.2498
171.7761,0.3714,347.6073,12.7265,530.4255,15.8922,980.5668,149.6169
342.0772,1.9642,421.3249,1.9982,495.0628,3.0741,820.6815,58.2418
192.9403,3.1976,342.3341,2.5835,524.7336,13.5369,904.4561,207.7136
106.1553,1.5053,234.2432,3.2289,305.4349,8.8118,1315.3451,574.7423
195.8997,10.3206,234.4459,9.5804,477.0945,17.2186,1008.2084,445.3139
282.5337,19.378,424.0862,1.6213,535.4131,6.8826,852.8186,130.797
96.5573,87.7807,225.7814,132.4803,333.0455,47.255,934.8437,283.8735
211.1384,6.4147,311.2132,7.2509,562.0415,31.4558,975.9499,146.582
193.1312,18.7996,250.7961,30.1252,434.6188,5.4175,952.7633,173.3197
267.0909,9.9,298.0198,1.3142,530.421,22.0479,1007.1125,245.29
210.7026,2.2062,410.605,4.7655,594.7138,9.3713,967.8623,74.1853
178.6173,0.998,283.7363,0.1436,402.4412,1.8144,1293.6572,161.1748
194.1771,0.4195,247.8574,3.2461,352.5943,13.0555,1139.6222,334.7954
306.1845,3.7044,407.0881,2.6066,569.9547,21.2058,792.8247,78.9177
118.7047,1.4905,244.9341,0.2972,343.1041,1.3218,1338.3195,181.3071
108.0665,1.7282,233.0881,0.2232,309.9299,2.976,1386.7553,186.6682
231.284,4.459,392.1473,46.3344,570.3431,46.003,901.4349,160.658
271.5288,1.2033,312.2936,10.6694,559.7005,12.9422,854.5285,157.8613
274.4345,5.3297,364.8722,4.6872,494.3766,17.3832,916.5724,78.5858
248.6766,0.647,332.2774,1.995,490.6952,7.607,1019.2983,91.511
209.8515,21.9834,336.0581,57.2728,608.6001,7.1672,829.2844,277.1716
320.3697,1.0698,366.6691,15.542,484.3028,1.7374,841.4673,54.4521
210.4818,2.2062,303.9101,10.8019,443.2162,53.7279,932.4107,120.2139
246.1521,0.9168,369.9984,3.1259,589.7292,2.678,737.8612,80.0175
251.1412,3.045,296.3916,0.0165,476.4251,11.3808,1095.2216,145.6378
151.0811,4.875,271.2101,5.0862,495.7951,6.6765,1097.7817,237.5053
350.691,19.7167,359.4052,23.6262,514.3186,21.819,816.4475,55.7577
338.1699,4.0204,427.4327,1.9766,496.1268,1.9857,783.3988,39.2784
164.8928,0.1185,293.5208,0.0111,372.1234,0.83,1364.4957,53.0033
215.2603,0.1652,235.5905,0.2634,426.6835,6.7606,1082.4989,203.0073
303.9659,1.2515,359.0768,4.552,415.0321,28.6635,836.3446,69.8253
222.0789,3.4838,274.5232,2.3392,504.7029,17.8956,1013.3457,200.6275
239.487,0.6556,413.6672,5.3639,553.0298,4.2753,962.2526,50.8869
199.945,2.8725,339.1354,10.6149,523.9209,8.0565,978.4387,180.9307
307.0813,6.946,398.7275,6.7396,473.6268,9.1071,785.9808,95.1632
216.6064,1.8153,334.248,3.5443,597.9872,17.0618,864.7702,140.7584
291.6627,82.2891,364.844,2.1263,448.2149,55.0746,814.0493,83.2772
199.8876,1.1771,296.3273,4.016,502.1252,3.7732,1015.7493,213.8359
185.8484,0.447,389.9018,2.3545,531.7673,3.3587,1079.5364,61.4334
237.4547,5.333,346.1747,8.9919,547.6552,23.2064,1019.3111,154.4657
255.6874,59.3213,386.9415,11.8212,486.7693,9.7505,938.2471,119.1842
307.2568,0.2527,344.3841,6.3873,473.0284,1.026,831.6585,46.9403
164.3814,1.0552,301.6619,8.053,501.3635,10.1639,1003.3308,280.8913
243.2508,0.3507,291.6779,1.526,464.3971,1.3795,1094.4618,227.18
218.3151,3.1736,315.8946,4.0984,519.3986,6.3286,1029.2565,105.5861
180.3601,1.5012,259.746,4.3262,486.5196,2.1185,1093.7992,208.1861
132.6504,0.1208,281.185,0.7896,330.2011,1.4112,1385.7738,158.5364
183.2629,6.9785,253.9276,9.1306,501.3867,4.4349,969.1048,182.5365
190.848,0.632,287.5609,0.1353,407.8066,8.9602,1264.3232,196.9648
288.7262,5.5431,464.9738,10.9641,481.1954,4.481,864.2947,61.1775
272.1385,4.3378,391.9402,3.3651,429.9448,81.0456,926.3524,74.3907
207.0192,4.3703,293.145,17.4282,499.7671,0.7692,733.4618,48.3163
349.032,3.5057,404.3511,0.6124,500.0171,3.2399,799.4282,69.1151
236.3701,14.0893,283.6849,0.5196,462.2793,0.9242,957.5966,188.0206
171.3345,1.9963,179.0249,6.6097,374.767,6.8035,1189.0603,165.6017
135.5238,1.5697,216.8561,0.9243,369.961,1.8675,1310.258,303.3742
92.826,1.4999,241.0119,0.073,290.2576,0.7029,1375.8388,311.2085
160.0138,1.5292,250.3787,0.9055,457.3686,11.4301,1062.2376,189.1431
213.3894,0.3037,294.2349,4.3595,467.9361,2.144,1104.4046,130.0036
219.5743,0.592,388.1561,2.9791,581.7868,11.3562,962.9382,124.2058
246.571,18.1471,306.7621,1.401,474.4378,4.6945,943.7836,276.6353
277.6827,1.5903,355.2643,2.0149,481.4779,0.4649,760.3843,40.1662
181.4112,1.0268,310.4448,24.1815,554.4994,11.2135,983.0624,114.0663
122.3986,0.9364,231.1157,0.7195,318.2822,1.5769,1327.9398,289.6336
133.0664,0.3088,271.8156,0.783,319.345,7.929,1323.0587,489.4363
312.5047,4.4091,366.1522,0.7661,457.8588,15.3781,867.94,81.1678
228.1974,1.4267,276.3875,0.5303,477.4999,1.2464,1066.0465,178.6786
234.1004,35.3728,256.3372,14.7669,463.0432,5.8391,784.8142,650.0854
336.3486,3.1741,398.9524,14.3012,494.1379,2.0766,818.0367,61.0933
225.5607,0.6968,290.2299,1.2322,468.3594,0.4691,1092.7728,222.0838
288.7178,0.2684,368.1144,13.4978,459.4334,16.5298,818.4548,65.773
197.9688,2.377,373.8198,3.7452,456.9583,3.3737,1031.2083,85.236
224.554,3.807,374.5002,30.8571,619.116,21.5939,891.3514,141.6083
220.1631,4.9584,250.3329,2.9986,497.9256,21.9973,1113.7603,225.0115
227.3813,0.3148,422.4391,23.6569,596.0615,50.6716,924.5842,150.7178
181.7245,0.6949,383.1207,3.838,577.8121,14.4029,949.7555,111.032
271.2468,0.5896,351.857,2.7456,502.5497,8.8855,839.7234,110.977
194.0959,12.6433,246.0143,3.9164,373.1853,4.306,1069.3332,247.1525
237.3807,0.878,387.1093,4.2498,546.3528,1.8499,1030.1018,88.9171
214.7442,3.4699,287.7983,0.5441,548.2441,4.767,920.6119,159.0577
176.3898,0.957,348.4513,16.1949,524.1286,14.1395,902.6872,137.57
166.3538,8.7214,202.643,3.1364,480.2355,2.115,983.4915,186.7938
151.4295,0.3715,235.9951,0.1999,315.31,4.7648,1286.9571,549.7091
251.4077,0.6496,466.4855,7.1437,586.3946,81.0601,899.453,50.4215
209.9062,3.4728,377.2962,7.6522,528.2487,9.6818,989.6796,144.7604
192.2163,0.5657,317.7639,4.1938,505.7491,7.3888,1046.6161,118.7175
117.5411,0.3744,228.4065,6.5043,471.2144,1.8038,1124.8414,191.3499
164.6176,0.791,274.47,0.0983,381.9137,5.6426,1322.816,142.4184
258.2954,1.6593,414.738,29.9698,589.2256,44.1302,942.8292,138.8067
202.3229,16.8944,351.9722,13.7025,428.8171,19.5281,854.9384,142.405
199.2599,4.7231,356.3911,13.6991,532.2744,28.5,972.4888,207.9561
270.9013,1.3639,306.9428,0.3418,504.2329,5.7533,1086.8711,65.0982
169.3698,0.4072,289.3263,0.3206,378.3944,7.426,1295.0992,203.8606
163.1084,0.4225,286.5406,0.0227,381.3316,0.7547,1347.2516,82.5723
196.1297,2.6063,273.6114,4.2328,528.623,0.4896,951.4819,125.3214
205.7806,0.8792,333.5829,5.8679,493.3592,15.5149,1070.9527,92.3622
169.5541,2.0769,257.3965,14.0936,487.5684,4.1853,1019.2437,225.4035
249.4232,6.705,276.38,1.3881,436.6431,9.407,950.2696,293.3501
