,Gibbs free energy/eV
1,-2.43098
2,-2.72889
3,-1.43039
4,-2.67652
5,-1.32212
6,-2.61056
7,-2.58275
8,-2.17982
9,-1.35464
10,-2.45104
11,-2.19713
12,-2.63822
13,-1.94697
14,-2.53088
15,-2.47572
16,-2.91968
17,-2.29478
18,-2.54051
19,-2.55808
20,-2.14754
21,-1.17701
22,-2.83605
23,-2.45641
24,-2.39934
25,-3.1111
26,-2.76355
27,-1.23397
28,-2.59215
29,-2.48841
30,-2.58255
31,-1.19921
32,-2.59115
33,-2.27897
34,-2.43684
35,-2.66533
36,-2.32146
37,-1.74632
38,-2.0323
39,-2.33258
40,-1.8858
41,-2.69755
42,-2.58986
43,-1.30068
44,-1.98965
45,-2.44525
46,-2.54048
47,-1.70563
48,-2.16662
49,-1.7305
50,-2.29413
51,-0.790416
52,-2.20873
53,-1.68514
54,-2.91137
55,-2.40026
56,-1.37684
57,-2.89952
58,-2.46134
59,-1.60437
60,-2.55878
61,-2.54833
62,-2.41446
63,-2.80036
64,-0.957844
65,-2.47041
66,-2.93362
67,-2.84204
68,-2.56542
69,-2.90392
70,-2.29381
71,-2.46091
72,-2.71005
73,-3.28008
74,-2.45766
75,-1.80599
76,-1.30394
77,-2.46306
78,-1.17917
79,-2.23702
80,-2.4216
81,-2.55857
82,-2.04512
83,-2.28272
84,-2.261
85,-1.83269
86,-2.50071
87,-2.07501
88,-2.56634
89,-2.41899
90,-2.83719
91,-2.2332
92,-2.34216
93,-2.99433
94,-2.32354
95,-2.65129
96,-2.44122
97,-2.77597
98,-2.70455
99,-2.28661
100,-0.877365
101,-2.58946
102,-1.92401
103,-2.32557
104,-1.73435
105,-2.37322
106,-2.51033
107,-1.90645
108,-1.09154
109,-2.96737
110,-2.76453
111,-3.01703
112,-2.19243
113,-2.35847
114,-2.64791
115,-2.71426
116,-3.15657
117,-1.79049
118,-2.19069
119,-2.53452
120,-1.81209
121,-2.24746
122,-2.0554
123,-2.3748
124,-2.47898
125,-2.14491
126,-2.4964
127,-2.4469
128,-2.29159
129,-2.69087
130,-2.81019
131,-2.33611
132,-2.1586
133,-2.18445
134,-2.08782
135,-2.45183
136,-1.56013
137,-2.28393
138,-1.91127
139,-2.74165
140,-2.48335
141,-1.985
142,-2.74275
143,-2.7147
144,-0.947654
145,-2.4386
146,-2.3924
147,-2.31198
148,-2.37446
149,-2.54119
150,-2.18892
151,-2.70018
152,-2.30279
153,-2.29893
154,-1.5562
155,-1.80624
156,-2.54248
157,-1.0271
158,-3.05374
159,-2.08676
160,-2.84538
161,-2.82738
162,-2.31091
163,-2.14791
164,-2.58602
165,-1.83265
166,-2.56356
167,-2.89115
168,-2.51383
169,-2.70053
170,-2.74712
171,-2.48104
172,-2.44723
173,-2.46437
174,-2.13631
175,-2.32273
176,-2.03811
177,-2.43012
178,-2.10535
179,-2.72944
180,-2.13246
181,-2.34984
182,-2.21271
183,-2.58899
184,-2.93894
185,-2.8562
186,-2.01717
187,-2.29489
188,-1.96213
189,-2.09579
190,-2.48587
191,-2.30154
192,-1.15638
193,-2.75686
194,-1.57657
195,-1.01615
196,-2.86497
197,-2.05035
198,-2.67765
199,-2.7503
200,-2.51239
201,-1.27057
202,-2.5661
203,-2.58184
204,-2.51494
205,-1.19248
206,-0.784513
207,-2.87362
208,-2.6421
209,-2.67761
210,-2.33304
211,-1.402
212,-1.61314
213,-2.71678
214,-2.5533
215,-2.72821
216,-2.37547
217,-2.88335
218,-2.38937
219,-2.22342
220,-2.88262
221,-2.07717
222,-2.81686
223,-2.41948
224,-1.93312
225,-2.15349
226,-2.40475
227,-2.71041
228,-2.22643
229,-2.01548
230,-2.39529
231,-1.53358
232,-2.04159
233,-2.06879
234,-2.61047
235,-2.00021
236,-1.87782
237,-2.45134
238,-2.64714
239,-2.28993
240,-2.69509
241,-2.15645
242,-2.57627
243,-2.47351
244,-1.67241
245,-2.71796
246,-2.38889
247,-2.73428
248,-2.34456
249,-2.56997
250,-2.48358
251,-1.69226
252,-2.6143
253,-2.24783
254,-2.23082
255,-2.33404
256,-2.19939
257,-2.29973
258,-2.45219
259,-3.06817
260,-1.62585
261,-1.68919
262,-2.50779
263,-1.17607
264,-2.51411
265,-2.73927
266,-2.71112
267,-2.49258
268,-3.18409
269,-1.25009
270,-2.26872
271,-1.23241
272,-2.4075
273,-2.329
274,-2.90755
275,-1.05362
276,-2.09713
277,-2.24569
278,-1.75463
279,-2.38076
280,-2.08708
281,-2.5081
282,-0.756545
283,-2.43919
284,-2.16677
285,-2.46602
286,-1.35601
287,-2.06421
288,-1.18478
289,-2.82498
290,-2.39487
291,-2.80655
292,-2.44145
293,-3.13526
294,-2.90382
295,-2.37526
296,-2.59808
297,-2.32835
298,-2.48249
299,-2.64932
300,-2.6456
301,-1.06471
302,-3.03652
303,-1.41034
304,-2.58894
305,-2.44431
306,-2.75065
307,-2.11089
308,-2.46285
309,-2.79079
310,-2.33488
311,-1.03029
312,-2.23561
313,-2.81574
314,-3.35993
315,-2.71131
316,-1.89973
317,-2.89297
318,-2.76704
319,-2.37338
320,-0.988512
321,-2.11323
322,-2.08267
323,-2.73253
324,-2.32226
325,-2.7232
326,-1.28039
327,-2.65756
328,-2.90186
329,-2.73941
330,-3.12729
331,-1.18718
332,-2.84763
333,-2.14743
334,-2.39497
335,-2.67409
336,-2.18909
337,-2.29939
338,-2.51911
339,-3.21413
340,-1.39704
341,-1.68071
342,-2.32309
343,-2.46636
344,-2.27168
345,-0.584006
346,-2.11341
347,-1.5686
348,-2.28725
349,-2.45674
350,-1.41303
351,-2.34427
352,-2.23299
353,-2.22683
354,-1.83971
355,-2.74026
356,-3.17147
357,-1.23632
358,-1.44744
359,-2.72143
360,-2.24893
361,-3.09358
362,-2.20801
363,-2.57533
364,-1.17951
365,-2.52926
366,-2.29023
367,-2.50506
368,-3.17622
369,-1.93563
370,-2.04378
371,-1.40177
372,-2.80316
373,-2.71814
374,-1.18164
375,-2.86258
376,-2.79006
377,-2.66665
378,-2.38681
379,-2.24324
380,-2.75951
381,-2.53751
382,-1.54959
383,-2.71919
384,-2.32784
385,-2.20261
386,-2.18739
387,-2.94358
388,-1.79567
389,-2.95536
390,-1.93724
391,-1.7255
392,-2.56511
393,-1.72714
394,-1.79879
395,-1.86167
396,-3.28458
397,-2.97505
398,-2.57202
399,-2.70896
400,-2.43058
401,-0.782246
402,-2.46528
403,-2.28076
404,-1.26984
405,-2.62281
406,-2.16057
407,-2.50675
408,-2.42031
409,-1.96519
410,-2.98602
411,-2.35602
412,-2.59117
413,-2.85318
414,-1.60733
415,-2.57602
416,-2.42972
417,-2.05065
418,-2.89432
419,-2.34083
420,-2.28114
421,-2.56356
422,-2.80007
423,-1.98774
424,-2.44135
425,-2.72688
426,-2.31301
427,-2.30364
428,-1.56997
429,-2.42293
430,-2.16695
431,-2.67236
432,-2.65504
433,-2.45083
434,-2.46356
435,-1.38566
436,-2.73305
437,-2.90157
438,-2.36304
439,-2.24938
440,-2.16014
441,-2.34229
442,-2.54462
443,-1.17606
444,-2.14661
445,-2.92875
446,-2.56494
447,-2.15073
448,-2.88506
449,-2.79371
450,-2.35516
451,-1.40595
452,-2.39119
453,-2.30209
454,-1.85953
455,-2.73344
456,-2.31135
457,-2.12533
458,-3.10867
459,-2.4985
460,-2.26686
461,-1.51552
462,-2.20053
463,-2.5845
464,-2.18777
465,-2.68422
466,-1.33041
467,-2.69288
468,-0.641355
469,-2.03503
470,-0.814707
471,-2.62613
472,-2.43903
473,-1.99921
474,-2.22365
475,-2.03803
476,-2.47309
477,-2.46324
478,-2.52073
479,-2.30187
480,-2.88222
481,-2.03599
482,-2.06436
483,-2.56986
484,-3.14911
485,-2.78742
486,-2.24847
487,-2.39176
488,-2.3353
489,-2.27952
490,-0.611487
491,-2.02398
492,-1.34277
493,-2.31369
494,-2.09398
495,-2.80542
496,-1.40436
497,-2.6691
498,-2.02556
499,-2.43314
500,-1.86485
501,-1.90032
502,-1.95305
503,-2.13408
504,-3.05871
505,-2.39045
506,-3.00752
507,-2.39468
508,-2.58893
509,-2.37687
510,-2.43198
511,-2.31704
512,-1.64144
513,-1.77819
514,-2.10501
515,-2.81796
516,-1.38898
517,-0.809989
518,-2.51496
519,-2.13456
520,-2.53097
521,-2.24705
522,-2.05191
523,-2.17704
524,-2.61099
525,-2.34261
526,-1.8402
527,-2.48212
528,-2.37764
529,-2.37815
530,-1.8498
531,-1.12935
532,-2.5944
533,-2.21554
534,-1.36315
535,-1.28145
536,-1.89055
537,-2.53492
538,-2.23246
539,-2.55148
540,-1.70604
541,-2.37889
542,-1.25503
543,-1.61753
544,-2.52366
545,-2.49783
546,-3.01445
547,-2.37705
548,-2.50773
549,-2.5059
550,-2.17031
551,-2.93908
552,-2.21161
553,-2.52405
554,-2.55775
555,-0.555042
556,-1.63153
557,-2.68829
558,-2.57992
559,-2.48736
560,-2.03068
561,-2.27071
562,-2.0392
563,-0.700096
564,-1.75598
565,-2.57629
566,-2.58755
567,-0.759731
568,-2.65473
569,-2.5841
570,-2.68697
571,-2.48397
572,-1.07151
573,-2.04771
574,-2.39205
575,-2.26459
576,-1.87561
577,-2.39886
578,-2.42667
579,-2.66965
580,-2.65303
581,-2.15002
582,-2.95486
583,-2.87692
584,-1.79219
585,-2.17049
586,-1.50434
587,-2.17862
588,-1.11428
589,-1.21837
590,-2.94668
591,-1.02194
592,-2.13456
593,-2.06294
594,-2.70911
595,-1.74107
596,-2.26686
597,-2.11102
598,-2.38604
599,-2.41132
600,-2.57735
601,-1.60202
602,-1.26531
603,-2.43516
604,-2.46205
605,-2.46165
606,-1.72796
607,-1.3258
608,-2.79126
609,-2.70602
610,-2.30014
611,-2.06104
612,-2.20813
613,-2.69225
614,-1.70656
615,-2.82804
616,-2.64958
617,-2.84857
618,-2.07026
619,-2.50186
620,-1.9656
621,-1.24151
622,-2.12025
623,-2.58884
624,-2.3009
625,-2.59306
626,-1.67639
627,-3.07444
628,-2.79446
629,-2.15159
630,-2.5
631,-2.45723
632,-1.56619
633,-2.94144
634,-2.59263
635,-2.34096
636,-1.14791
637,-1.64369
638,-0.919043
639,-2.18278
640,-1.0783
641,-2.13451
642,-2.13707
643,-1.75166
644,-2.22019
645,-2.5337
646,-2.52311
647,-2.20344
648,-1.12896
649,-1.81922
650,-2.70376
651,-1.28541
652,-2.5598
653,-2.51502
654,-0.866902
655,-1.20905
656,-2.2762
657,-2.77221
658,-0.744239
659,-3.00031
660,-1.88069
661,-2.70121
662,-2.07283
663,-1.26326
664,-2.49411
665,-1.84911
666,-2.57549
667,-2.14917
668,-2.16571
669,-2.66615
670,-2.7145
671,-2.47767
672,-2.40767
673,-1.34102
674,-2.32062
675,-2.93271
676,-2.81164
677,-2.79277
678,-2.224
679,-2.49452
680,-3.10864
681,-2.56288
682,-2.29471
683,-2.05482
684,-2.67475
685,-1.32473
686,-2.22574
687,-2.13689
688,-2.48338
689,-2.50108
690,-2.50359
691,-2.50826
692,-2.99009
693,-1.77415
694,-2.81888
695,-2.21135
696,-2.81853
697,-2.46382
698,-2.53533
699,-2.77472
700,-2.19014
701,-2.19287
702,-2.42369
703,-1.86155
704,-2.28486
705,-2.49441
706,-2.20672
707,-1.34914
708,-2.77415
709,-1.78552
710,-2.56129
711,-2.45411
712,-2.16886
713,-2.81226
714,-3.20541
715,-2.84298
716,-2.31466
717,-2.25704
718,-2.1116
719,-2.17579
720,-2.23963
721,-2.35564
722,-2.30745
723,-1.68895
724,-2.58465
725,-2.39332
726,-0.817993
727,-2.40011
728,-2.28444
729,-2.5214
730,-2.42596
731,-2.59967
732,-2.03564
733,-2.37423
734,-1.20857
735,-2.3757
736,-1.08379
737,-2.45364
738,-2.46024
739,-2.22329
740,-2.14611
741,-2.08889
742,-2.01841
743,-2.49741
744,-1.65557
745,-2.48
746,-2.68582
747,-2.55212
748,-2.46798
749,-1.55859
750,-2.09649
751,-2.78821
752,-2.52435
753,-2.85525
754,-2.41663
755,-2.34678
756,-3.18527
757,-2.47609
758,-2.3
759,-1.39166
760,-2.29281
761,-1.75633
762,-2.44897
763,-1.91122
764,-2.48639
765,-2.95169
766,-2.23521
767,-1.48582
768,-2.44701
769,-1.98391
770,-2.07297
771,-2.12504
772,-2.17807
773,-2.49891
774,-0.801121
775,-2.69199
776,-2.81936
777,-2.33715
778,-1.9648
779,-2.674
780,-1.70352
781,-2.07357
782,-2.32895
783,-2.35106
784,-2.20812
785,-1.35539
786,-0.91766
787,-2.67882
788,-2.27431
789,-2.26139
790,-2.88378
791,-0.876051
792,-1.48219
793,-1.60451
794,-2.56955
795,-1.20704
796,-2.63904
797,-1.95885
798,-2.82878
799,-2.52375
800,-3.0289
801,-2.45199
802,-2.918
803,-2.49159
804,-2.82309
805,-3.34935
806,-2.30209
807,-2.01182
808,-1.33855
809,-2.69884
810,-2.41084
811,-2.54718
812,-1.87403
813,-2.87492
814,-2.14249
815,-2.70383
816,-2.00577
817,-2.37644
818,-2.23452
819,-2.40174
820,-2.2321
821,-2.21518
822,-2.53431
823,-1.58431
824,-2.77361
825,-2.32947
826,-1.55455
827,-2.36737
828,-2.87313
829,-2.40098
830,-2.29032
831,-2.37147
832,-2.7394
833,-2.96042
834,-2.45742
835,-2.55027
836,-2.70967
837,-2.76139
838,-2.63549
839,-1.78584
840,-3.21228
841,-1.80939
842,-2.75605
843,-1.23167
844,-1.85684
845,-2.52417
846,-2.7775
847,-1.73435
848,-1.42809
849,-2.40825
850,-2.24874
851,-2.43784
852,-2.1327
853,-1.89228
854,-2.26605
855,-0.766147
856,-2.16146
857,-2.2982
858,-2.23496
859,-2.39757
860,-2.47324
861,-0.661033
862,-1.33204
863,-2.32155
864,-2.66577
865,-2.58012
866,-2.75182
867,-2.84569
868,-1.56931
869,-2.74207
870,-2.50586
871,-2.12732
872,-2.7065
873,-2.22278
874,-2.18725
875,-2.23446
876,-2.674
877,-2.66854
878,-2.59158
879,-2.44029
880,-1.23922
881,-2.70236
882,-2.72894
883,-2.91458
884,-1.84627
885,-2.8925
886,-2.90565
887,-2.97875
888,-1.42164
889,-2.47834
890,-2.79197
891,-1.85492
892,-2.56718
893,-2.09958
894,-2.56839
895,-2.49265
896,-2.42896
897,-2.90514
898,-2.07032
899,-2.18746
900,-1.08757
901,-2.02041
902,-2.83228
903,-2.00956
904,-1.9116
905,-2.72232
906,-0.961947
907,-0.895403
908,-2.0691
909,-2.1572
910,-2.77278
911,-1.57501
912,-2.54124
913,-2.41869
914,-2.95449
915,-2.41244
916,-2.46358
917,-1.62863
918,-2.46949
919,-2.50206
920,-2.41194
921,-1.61184
922,-1.76307
923,-2.64375
924,-2.18722
925,-2.34878
926,-1.97519
927,-2.05513
928,-2.12313
929,-3.05605
930,-1.86248
931,-1.26032
932,-2.46943
933,-2.79736
934,-2.67709
935,-1.31367
936,-2.35297
937,-2.59683
938,-2.83574
939,-2.5721
940,-1.72879
941,-2.26628
942,-2.57801
943,-2.3969
944,-2.92878
945,-2.53746
946,-2.6861
947,-1.14274
948,-2.28438
949,-2.74875
950,-2.79734
951,-2.22052
952,-3.0959
953,-1.80355
954,-2.39644
955,-2.90175
956,-2.35394
957,-2.35138
958,-2.88596
959,-1.68129
960,-2.32118
961,-2.24063
962,-2.68987
963,-2.65156
964,-2.29998
965,-2.05104
966,-2.8735
967,-2.16574
968,-2.5857
969,-0.913671
970,-2.44986
971,-1.59588
972,-2.75862
973,-2.51419
974,-2.56911
975,-1.77097
976,-2.59004
977,-2.15118
978,-3.15642
979,-1.18673
980,-3.08237
981,-2.14721
982,-2.80692
983,-2.14887
984,-0.66471
985,-2.22795
986,-2.32609
987,-1.37945
988,-2.26941
989,-3.07344
990,-1.33259
991,-2.57002
992,-1.74243
993,-2.28583
994,-1.23039
995,-2.54838
996,-2.53352
997,-1.47259
998,-2.10952
999,-2.44489
1000,-2.56702
1001,-2.49675
1002,-2.34305
1003,-2.36489
1004,-1.75692
1005,-2.37617
1006,-2.40483
1007,-2.45111
1008,-2.97423
1009,-1.14193
1010,-1.09997
1011,-1.25643
1012,-2.60079
1013,-2.78251
1014,-2.59446
1015,-2.87575
1016,-2.48745
1017,-2.87785
1018,-2.62214
1019,-2.42115
1020,-2.13227
1021,-1.76355
1022,-1.74679
1023,-1.38325
1024,-1.40733
1025,-0.841061
1026,-2.89188
1027,-2.02071
1028,-2.40391
1029,-2.13296
1030,-1.12644
1031,-2.94545
1032,-2.35043
1033,-2.34745
1034,-2.47454
1035,-3.18595
1036,-2.36302
1037,-2.50189
1038,-2.57894
1039,-2.67096
1040,-2.73661
1041,-2.50388
1042,-1.90231
1043,-2.76097
1044,-2.31783
1045,-0.615079
1046,-1.50916
1047,-3.05214
1048,-2.37557
1049,-2.56024
1050,-2.10196
1051,-2.3416
1052,-2.10953
1053,-2.26532
1054,-2.23668
1055,-1.71057
1056,-2.16828
1057,-2.81162
1058,-2.27969
1059,-2.10642
1060,-2.21868
1061,-2.58193
1062,-2.13038
1063,-3.00608
1064,-2.59981
1065,-2.37523
1066,-2.34882
1067,-2.38882
1068,-2.78872
1069,-2.26085
1070,-2.10166
1071,-2.71429
1072,-2.71809
1073,-2.54487
1074,-3.20316
1075,-2.51607
1076,-3.09466
1077,-2.37329
1078,-2.54001
1079,-2.37627
1080,-2.57174
1081,-2.28901
1082,-2.56284
1083,-2.85469
1084,-2.16844
1085,-2.47821
1086,-2.76777
1087,-2.57931
1088,-2.44998
1089,-2.28169
1090,-0.858955
1091,-2.48681
1092,-2.88756
1093,-2.44423
1094,-2.5059
1095,-2.11391
1096,-2.58159
1097,-1.25608
1098,-2.40692
1099,-1.13793
1100,-2.22736
1101,-2.44987
1102,-2.05176
1103,-2.30242
1104,-2.64857
1105,-1.59139
1106,-2.29478
1107,-1.55685
1108,-2.16294
1109,-2.59963
1110,-1.85554
1111,-2.56202
1112,-2.31856
1113,-2.11862
1114,-2.02978
1115,-2.91573
1116,-2.53515
1117,-2.50071
1118,-2.3245
1119,-2.73059
1120,-2.26025
1121,-2.99398
1122,-2.74941
1123,-2.27964
1124,-2.52245
1125,-2.21606
1126,-2.29663
1127,-2.58531
1128,-2.31066
1129,-2.58143
1130,-2.88685
1131,-2.20547
1132,-1.31199
1133,-0.915303
1134,-2.68277
1135,-2.39061
1136,-1.41979
1137,-2.47083
1138,-2.58195
1139,-2.5768
1140,-2.83331
1141,-1.9423
1142,-2.7913
1143,-1.69411
1144,-2.38254
1145,-2.31339
1146,-2.37213
1147,-1.99371
1148,-2.58702
1149,-2.13191
1150,-2.38319
1151,-2.27566
1152,-2.68824
1153,-2.80217
1154,-2.28104
1155,-2.66628
1156,-2.49979
1157,-2.16641
1158,-2.34565
1159,-1.6226
1160,-2.0355
1161,-2.2049
1162,-2.68629
1163,-2.39329
1164,-2.36273
1165,-1.71774
1166,-2.26353
1167,-2.16596
1168,-2.18737
1169,-2.33947
1170,-2.46412
1171,-0.782073
1172,-1.74729
1173,-1.37286
1174,-2.74969
1175,-1.95833
1176,-2.09477
1177,-2.14954
1178,-2.52737
1179,-0.758638
1180,-2.59476
1181,-2.62896
1182,-2.87299
1183,-1.92138
1184,-2.25178
1185,-1.87872
1186,-2.64542
1187,-0.944539
1188,-2.06426
1189,-2.45291
1190,-2.49852
1191,-2.17785
1192,-1.84948
1193,-1.36342
1194,-2.23649
1195,-2.3753
1196,-2.66393
1197,-2.66456
1198,-1.7012
1199,-2.68336
1200,-2.16737
1201,-2.34502
1202,-1.33625
1203,-2.45616
1204,-1.4069
1205,-2.81016
1206,-2.59266
1207,-2.24817
1208,-2.93202
1209,-1.9993
1210,-2.23659
1211,-2.6794
1212,-2.67597
1213,-2.86596
1214,-2.57474
1215,-2.3333
1216,-1.23896
1217,-1.23552
1218,-2.45543
1219,-2.48123
1220,-2.04087
1221,-2.65519
1222,-3.16245
1223,-2.76646
1224,-2.2105
1225,-1.79067
1226,-1.48795
1227,-2.63679
1228,-2.24969
1229,-2.15589
1230,-2.35194
1231,-1.31586
1232,-2.7888
1233,-2.55957
1234,-2.9964
1235,-2.18325
1236,-1.91431
1237,-0.873973
1238,-2.48671
1239,-2.87992
1240,-2.40609
1241,-2.35712
1242,-0.792021
1243,-2.26141
1244,-2.26434
1245,-2.20464
1246,-1.0531
1247,-2.7775
1248,-2.39633
1249,-2.13733
1250,-2.29155
1251,-2.07118
1252,-2.49631
1253,-0.738538
1254,-2.49708
1255,-2.23704
1256,-2.03393
1257,-2.29397
1258,-3.08679
1259,-2.24377
1260,-0.939792
1261,-2.05991
1262,-2.4891
1263,-2.63199
1264,-1.97762
1265,-1.13917
1266,-2.20169
1267,-2.45792
1268,-2.32963
1269,-0.78514
1270,-2.55901
1271,-1.57364
1272,-2.77504
1273,-2.33789
1274,-0.8008
1275,-2.56781
1276,-2.36818
1277,-1.66478
1278,-2.0786
1279,-2.33436
1280,-2.94901
1281,-2.28147
1282,-2.2552
1283,-2.1362
1284,-2.85234
1285,-2.5576
1286,-2.05849
1287,-2.55313
1288,-2.54451
1289,-0.848578
1290,-2.43947
1291,-2.19368
1292,-1.77972
1293,-2.77917
1294,-2.42911
1295,-2.21724
1296,-2.14781
1297,-2.49026
1298,-1.62092
1299,-2.65809
1300,-2.55852
1301,-2.20629
1302,-2.27497
1303,-2.1407
1304,-2.15899
1305,-2.74486
1306,-2.26899
1307,-2.19674
1308,-2.42429
1309,-2.39684
1310,-2.30544
1311,-2.45036
1312,-2.48776
1313,-1.41697
1314,-2.64402
1315,-2.19513
1316,-2.69208
1317,-2.36818
1318,-0.954717
1319,-2.12669
1320,-1.34435
1321,-2.56209
1322,-2.68529
1323,-2.26728
1324,-2.38315
1325,-1.78575
1326,-1.45819
1327,-2.59418
1328,-2.78528
1329,-1.44261
1330,-2.59194
1331,-2.60488
1332,-2.24681
1333,-2.99856
1334,-2.68496
1335,-2.64268
1336,-2.68138
1337,-2.24123
1338,-2.27342
1339,-1.18514
1340,-2.74587
1341,-2.58096
1342,-2.19856
1343,-2.34983
1344,-2.26055
1345,-2.99157
1346,-2.0806
1347,-2.34383
1348,-2.31178
1349,-2.33244
1350,-1.02394
1351,-2.8685
1352,-2.5797
1353,-1.7195
1354,-2.24808
1355,-2.45611
1356,-1.38377
1357,-2.61555
1358,-1.83199
1359,-2.63342
1360,-2.39514
1361,-1.72756
1362,-2.1068
1363,-2.8118
1364,-2.29896
1365,-2.60577
1366,-0.617416
1367,-3.09314
1368,-2.29139
1369,-1.2652
1370,-2.0327
1371,-2.07372
1372,-2.2381
1373,-2.43397
1374,-2.52583
1375,-2.03805
1376,-2.73482
1377,-3.11612
1378,-2.79598
1379,-1.34346
1380,-2.78844
1381,-2.13168
1382,-0.692628
1383,-2.57859
1384,-1.75984
1385,-2.48212
1386,-2.80821
1387,-2.21269
1388,-2.2179
1389,-2.48166
1390,-1.63089
1391,-2.23822
1392,-2.63514
1393,-2.02143
1394,-2.7375
1395,-2.54682
1396,-2.77272
1397,-2.47385
1398,-2.9373
1399,-2.39151
1400,-2.167
1401,-2.26563
1402,-2.62677
1403,-2.18691
1404,-2.19015
1405,-1.13301
1406,-2.39684
1407,-3.04917
1408,-2.2033
1409,-2.38975
1410,-1.8395
1411,-2.67797
1412,-2.46382
1413,-1.73263
1414,-2.25472
1415,-2.49743
1416,-0.7429
1417,-2.40573
1418,-2.22175
1419,-2.3765
1420,-2.42136
1421,-2.11368
1422,-2.93276
1423,-2.43709
1424,-2.59322
1425,-2.26141
1426,-2.56294
1427,-2.44769
1428,-2.29675
1429,-2.33679
1430,-1.73597
1431,-1.94499
1432,-2.53897
1433,-2.61867
1434,-2.23903
1435,-2.38476
1436,-2.59539
1437,-2.53799
1438,-2.88764
1439,-2.31741
1440,-2.66003
1441,-2.37339
1442,-2.1042
1443,-2.86798
1444,-2.3205
1445,-2.60853
1446,-1.10103
1447,-2.49012
1448,-2.84374
1449,-2.79759
1450,-2.12811
1451,-2.29189
1452,-2.04261
1453,-1.43061
1454,-1.4639
1455,-3.07834
1456,-2.56409
1457,-1.79988
1458,-1.43047
1459,-2.66509
1460,-0.741933
1461,-1.11998
1462,-1.62872
1463,-1.57778
1464,-2.5823
1465,-2.36321
1466,-2.32991
1467,-2.52917
1468,-2.35113
1469,-1.44027
1470,-2.26095
1471,-0.841448
1472,-2.3281
1473,-1.6346
1474,-2.4573
1475,-1.81356
1476,-3.1246
1477,-2.16347
1478,-1.92504
1479,-2.50555
1480,-1.54235
1481,-2.28916
1482,-2.84138
1483,-1.98084
1484,-2.85853
1485,-2.96676
1486,-2.3897
1487,-2.17766
1488,-2.26539
1489,-2.52216
1490,-2.37244
1491,-2.57322
1492,-2.34351
1493,-1.98317
1494,-0.714268
1495,-2.56294
1496,-2.58738
1497,-2.81401
1498,-2.42534
1499,-2.37181
1500,-2.34394
1501,-2.56499
1502,-1.78175
1503,-2.1344
1504,-1.38455
1505,-2.54332
1506,-2.86384
1507,-2.38315
1508,-0.906655
1509,-2.83367
1510,-2.11894
1511,-2.25424
1512,-2.31951
1513,-2.3395
1514,-2.54824
1515,-2.5503
1516,-2.74767
1517,-3.3282
1518,-2.35947
1519,-3.10142
1520,-2.95084
1521,-2.8007
1522,-2.79697
1523,-2.40377
1524,-2.70048
1525,-2.32217
1526,-2.71628
1527,-2.40822
1528,-2.82872
1529,-1.23825
1530,-2.21724
1531,-2.11465
1532,-1.17117
1533,-2.64339
1534,-2.27245
1535,-1.42996
1536,-1.65168
1537,-2.35436
1538,-2.32094
1539,-2.81255
1540,-2.41449
1541,-2.49745
1542,-1.34028
1543,-2.20835
1544,-1.48339
1545,-2.23776
1546,-3.02244
1547,-2.5151
1548,-2.18784
1549,-2.5439
1550,-2.06896
1551,-1.67866
1552,-2.98611
1553,-2.06514
1554,-2.39969
1555,-2.25858
1556,-2.57953
1557,-2.22529
1558,-2.38988
1559,-3.02893
1560,-2.68123
1561,-1.27662
1562,-2.44576
1563,-1.48447
1564,-2.98468
1565,-1.94704
1566,-2.66407
1567,-1.48379
1568,-1.85431
1569,-2.46674
1570,-2.2293
1571,-2.56023
1572,-0.797948
1573,-2.4374
1574,-0.876481
1575,-2.29907
1576,-2.06912
1577,-2.06519
1578,-2.24139
1579,-2.24559
1580,-2.46348
1581,-2.57228
1582,-2.81842
1583,-2.11611
1584,-2.53624
1585,-2.97396
1586,-2.53919
1587,-2.29145
1588,-1.93759
1589,-2.46512
1590,-2.36189
1591,-1.91869
1592,-2.94826
1593,-2.22519
1594,-2.02582
1595,-2.56013
1596,-2.34774
1597,-2.48591
1598,-2.80346
1599,-2.07361
1600,-2.44609
1601,-0.876388
1602,-2.158
1603,-1.36066
1604,-1.13855
1605,-2.46272
1606,-1.77327
1607,-1.80373
1608,-1.1545
1609,-2.47961
1610,-2.0258
1611,-2.57073
1612,-2.50773
1613,-2.19199
1614,-2.73515
1615,-2.41814
1616,-2.07605
1617,-2.50634
1618,-2.53396
1619,-1.43119
1620,-2.57022
1621,-0.80281
1622,-2.54442
1623,-1.04977
1624,-2.43862
1625,-2.40346
1626,-2.47545
1627,-2.3352
1628,-2.8968
1629,-2.56706
1630,-2.86886
1631,-2.5466
1632,-2.97039
1633,-1.15669
1634,-3.00038
1635,-2.70663
1636,-2.83143
1637,-1.31253
1638,-2.34235
1639,-2.75367
1640,-2.53909
1641,-2.56174
1642,-1.43723
1643,-2.35789
1644,-1.83814
1645,-2.42442
1646,-1.73986
1647,-2.38599
1648,-2.4286
1649,-2.96759
1650,-1.14745
1651,-1.43236
1652,-1.65941
1653,-2.63186
1654,-2.91074
1655,-2.82824
1656,-2.31078
1657,-3.11803
1658,-2.57446
1659,-2.4909
1660,-1.56356
1661,-2.23822
1662,-2.92037
1663,-2.87395
1664,-2.41376
1665,-1.27904
1666,-2.23899
1667,-2.68128
1668,-2.64122
1669,-2.62742
1670,-2.77361
1671,-2.07334
1672,-2.3719
1673,-2.42447
1674,-2.27624
1675,-1.10882
1676,-2.85289
1677,-2.22267
1678,-0.787487
1679,-1.15347
1680,-2.37721
1681,-2.49417
1682,-2.25945
1683,-2.9845
1684,-2.69901
1685,-2.488
1686,-1.57098
1687,-2.97778
1688,-3.00841
1689,-2.19931
1690,-2.69145
1691,-2.44245
1692,-2.1843
1693,-1.35495
1694,-2.67922
1695,-2.06609
1696,-1.72328
1697,-2.20645
1698,-1.50778
1699,-2.17945
1700,-2.84867
1701,-2.94997
1702,-0.571371
1703,-2.18308
1704,-2.60961
1705,-2.17107
1706,-2.73802
1707,-2.18492
1708,-2.23511
1709,-2.69847
1710,-2.33589
1711,-0.512127
1712,-2.78113
1713,-2.01102
1714,-2.63929
1715,-2.15426
1716,-1.28007
1717,-2.76742
1718,-2.20238
1719,-1.6897
1720,-2.97353
1721,-2.71698
1722,-2.85174
1723,-2.15144
1724,-2.64203
1725,-1.8062
1726,-2.49716
1727,-2.19562
1728,-2.87666
1729,-1.82328
1730,-0.973335
1731,-2.31073
1732,-2.23424
1733,-1.26218
1734,-2.32412
1735,-2.56153
1736,-2.36907
1737,-2.70662
1738,-1.82685
1739,-1.04022
1740,-1.42751
1741,-1.12696
1742,-1.0825
1743,-0.86758
1744,-1.88969
1745,-3.17715
1746,-2.19637
1747,-2.2472
1748,-2.40117
1749,-2.37747
1750,-2.43256
1751,-2.41518
1752,-2.55538
1753,-2.3101
1754,-0.45762
1755,-2.03776
1756,-2.15147
1757,-3.16141
1758,-2.81398
1759,-2.57687
1760,-3.12184
1761,-2.67519
1762,-2.45837
1763,-2.38814
1764,-2.07507
1765,-1.73245
1766,-1.16833
1767,-2.27943
1768,-1.98319
1769,-1.19623
1770,-2.52524
1771,-0.757697
1772,-2.27395
1773,-2.86442
1774,-2.21847
1775,-2.10626
1776,-1.71392
1777,-2.47673
1778,-1.80662
1779,-3.02138
1780,-2.52114
1781,-2.50401
1782,-2.52117
1783,-2.11817
1784,-1.7872
1785,-1.90451
1786,-2.11426
1787,-2.93079
1788,-3.30895
1789,-2.98845
1790,-1.39985
1791,-1.7535
1792,-2.17148
1793,-2.83902
1794,-2.15782
1795,-2.12705
1796,-2.83481
1797,-2.47946
1798,-1.70244
1799,-2.5516
1800,-2.7114
1801,-1.78766
1802,-2.77007
1803,-2.66313
1804,-2.23497
1805,-1.85993
1806,-2.85231
1807,-2.70686
1808,-2.16041
1809,-1.66088
1810,-2.83111
1811,-2.80686
1812,-0.637246
1813,-3.08683
1814,-2.10643
1815,-2.66046
1816,-2.88457
1817,-2.20079
1818,-1.65859
1819,-2.43247
1820,-2.12515
1821,-1.26461
1822,-1.4169
1823,-2.3831
1824,-2.39509
1825,-2.53342
1826,-2.73659
1827,-1.98394
1828,-1.67777
1829,-2.34595
1830,-3.03205
1831,-1.1393
1832,-2.24196
1833,-2.59596
1834,-0.924859
1835,-0.946536
1836,-2.43254
1837,-1.9249
1838,-2.56126
1839,-1.76459
1840,-2.86936
1841,-2.5069
1842,-1.22677
1843,-2.40625
1844,-2.33679
1845,-1.82804
1846,-1.98708
1847,-2.49395
1848,-2.48613
1849,-2.7795
1850,-3.05864
1851,-1.55039
1852,-2.32858
1853,-1.62472
1854,-2.86016
1855,-1.83173
1856,-2.59435
1857,-2.42283
1858,-2.66859
1859,-2.42514
1860,-2.37274
1861,-1.66427
1862,-0.978285
1863,-2.81776
1864,-1.14043
1865,-2.17005
1866,-2.24006
1867,-2.16899
1868,-2.0004
1869,-2.26904
1870,-2.60836
1871,-2.28672
1872,-2.18534
1873,-2.48813
1874,-2.31161
1875,-2.24002
1876,-1.48487
1877,-2.63531
1878,-2.22744
1879,-2.798
1880,-2.58172
1881,-1.51192
1882,-1.84536
1883,-2.91913
1884,-2.56358
1885,-1.01114
1886,-2.36909
1887,-2.60329
1888,-2.5736
1889,-2.671
1890,-0.640214
1891,-1.768
1892,-1.72469
1893,-2.40957
1894,-2.3266
1895,-2.35472
1896,-2.7648
1897,-1.7672
1898,-2.5274
1899,-2.46113
1900,-2.32231
1901,-2.10024
1902,-2.21591
1903,-2.48998
1904,-2.02534
1905,-2.07573
1906,-0.957392
1907,-2.51887
1908,-1.14152
1909,-2.09573
1910,-2.22475
1911,-2.97562
1912,-2.41637
1913,-2.06169
1914,-2.53874
1915,-2.55102
1916,-2.35516
1917,-2.585
1918,-3.18566
1919,-1.71948
1920,-2.5967
1921,-2.15565
1922,-2.80988
1923,-2.85887
1924,-0.723254
1925,-2.19088
1926,-2.61038
1927,-2.55631
1928,-1.68299
1929,-2.67894
1930,-2.50421
1931,-1.19507
1932,-1.41899
1933,-1.72882
1934,-2.26807
1935,-1.89819
1936,-2.27571
1937,-2.57257
1938,-2.52162
1939,-2.50257
1940,-2.22579
1941,-2.63385
1942,-2.12792
1943,-2.65311
1944,-2.63189
1945,-2.38333
1946,-2.95169
1947,-2.03128
1948,-2.35184
1949,-2.80062
1950,-2.36649
1951,-2.71284
1952,-2.03572
1953,-1.77867
1954,-2.18558
1955,-2.42974
1956,-1.83736
1957,-2.16677
1958,-2.38831
1959,-2.3352
1960,-3.2629
1961,-1.59953
1962,-1.26192
1963,-2.29233
1964,-1.69999
1965,-2.65913
1966,-2.56202
1967,-2.56302
1968,-2.23157
1969,-2.14772
1970,-2.38194
1971,-1.82935
1972,-2.69436
1973,-2.47998
1974,-2.21649
1975,-2.86814
1976,-2.60713
1977,-2.96221
1978,-0.965574
1979,-2.37474
1980,-2.28821
1981,-0.734851
1982,-2.41118
1983,-2.45174
1984,-1.33465
1985,-2.41259
1986,-2.8216
1987,-2.81044
1988,-2.30149
1989,-2.32098
1990,-2.89308
1991,-2.08695
1992,-1.92169
1993,-2.84609
1994,-2.8254
1995,-2.76938
1996,-0.743887
1997,-2.92417
1998,-1.51067
1999,-2.00298
2000,-2.32798
2001,-2.93691
2002,-2.47681
2003,-0.790813
2004,-2.19126
2005,-1.3609
2006,-2.50299
2007,-2.06623
2008,-2.08447
2009,-2.62796
2010,-2.30133
2011,-3.22794
2012,-2.0498
2013,-2.42629
2014,-0.629685
2015,-2.27121
2016,-2.37758
2017,-2.50029
2018,-2.65978
2019,-2.75604
2020,-1.6481
2021,-2.27348
2022,-2.33344
2023,-2.34368
2024,-1.96892
2025,-2.29661
2026,-2.60048
2027,-2.56568
2028,-2.11871
2029,-2.41096
2030,-2.48835
2031,-2.39467
2032,-2.34805
2033,-1.58803
2034,-2.21952
2035,-2.34381
2036,-2.85482
2037,-2.83216
2038,-1.25405
2039,-1.28259
2040,-3.02401
2041,-1.92923
2042,-2.34295
2043,-2.41238
2044,-2.70602
2045,-2.46132
2046,-2.18215
2047,-2.39958
2048,-2.12731
2049,-2.25258
2050,-2.46472
2051,-2.64569
2052,-2.25534
2053,-1.20514
2054,-2.59927
2055,-2.5705
2056,-2.33665
2057,-1.89772
2058,-2.53147
2059,-1.37152
2060,-2.39416
2061,-2.94524
2062,-2.82602
2063,-1.18122
2064,-1.10158
2065,-2.72873
2066,-2.82792
2067,-0.632747
2068,-2.85283
2069,-2.134
2070,-2.91878
2071,-2.16001
2072,-2.55708
2073,-2.33478
2074,-2.98483
2075,-2.76131
2076,-2.16152
2077,-3.04211
2078,-1.79671
2079,-2.20085
2080,-2.88976
2081,-2.3313
2082,-3.29699
2083,-2.2118
2084,-1.60437
2085,-2.8042
2086,-2.36623
2087,-1.79121
2088,-1.78091
2089,-0.778429
2090,-1.27759
2091,-2.83295
2092,-2.45078
2093,-2.51746
2094,-2.07924
2095,-2.58164
2096,-2.5696
2097,-2.68641
2098,-2.34913
2099,-2.97551
2100,-2.76323
2101,-2.33243
2102,-2.91674
2103,-3.14142
2104,-2.21042
2105,-1.56484
2106,-2.27643
2107,-2.33985
2108,-2.67128
2109,-2.26821
2110,-1.45267
2111,-2.21338
2112,-3.03149
2113,-1.69794
2114,-2.17873
2115,-2.5912
2116,-2.26713
2117,-1.1755
2118,-2.95401
2119,-1.72147
2120,-2.47611
2121,-2.77431
2122,-2.52771
2123,-3.1844
2124,-2.40622
2125,-2.51561
2126,-2.02805
2127,-1.37649
2128,-2.02637
2129,-2.64336
2130,-2.79791
2131,-2.57107
2132,-2.85181
2133,-2.06907
2134,-2.58008
2135,-1.41537
2136,-2.21187
2137,-2.56947
2138,-2.22958
2139,-2.2954
2140,-2.10365
2141,-2.81921
2142,-2.88877
2143,-3.02845
2144,-2.37791
2145,-2.1159553
2146,-1.97574739
2147,-2.46804
2148,-2.33574
2149,-2.7189685
2150,-2.45617662
2151,-1.6480964
2152,-2.0893
2153,-2.59343
2154,-2.6940895
2155,-2.60466
2156,-1.36351
2157,-2.92113
2158,-2.69306
2159,-1.84064
2160,-2.48001
2161,-2.87032
2162,-2.0034
2163,-2.72181
2164,-2.86296
2165,-2.5815
2166,-2.85285
2167,-2.19288
2168,-2.76403
2169,-2.29699
2170,-2.32956
2171,-2.84575
2172,-2.49909
2173,-2.5616
2174,-2.32301
2175,-2.59111
2176,-3.16202
2177,-2.01431
2178,-2.7562
2179,-2.05962
2180,-2.28443
2181,-2.10381
2182,-2.07804
2183,-2.72443
2184,-2.26419
2185,-2.27325
2186,-2.75753
2187,-2.41964
2188,-2.27401
2189,-3.17104
2190,-1.40563
2191,-2.30462
2192,-1.99459
2193,-2.8051
2194,-1.66289
2195,-2.51525
2196,-2.73479
2197,-2.12045
2198,-2.18901
2199,-1.28876
2200,-2.58491
2201,-2.44596
2202,-2.66693
2203,-2.43698
2204,-2.16976
2205,-1.71377
2206,-2.43405
2207,-1.80508
2208,-3.09555
2209,-2.82632
2210,-2.55441
2211,-1.52045
2212,-2.58458
2213,-3.09173
2214,-1.89745
2215,-2.22464
2216,-2.44408
2217,-2.88588
2218,-2.26388
2219,-2.11712
2220,-2.30172
2221,-2.62343
2222,-2.16887
2223,-1.91908
2224,-2.1966
2225,-0.929866
2226,-2.22196
2227,-1.35995
2228,-2.41372
2229,-2.55252
2230,-2.563
2231,-2.63803
2232,-2.9028
2233,-2.03511
2234,-2.07801
2235,-2.36152
2236,-2.40059
2237,-2.08265
2238,-2.60781
2239,-2.23299
2240,-1.33442
2241,-2.28044
2242,-2.91095
2243,-2.09133
2244,-1.39534
2245,-2.55594
2246,-0.787878
2247,-2.32102
2248,-2.76307
2249,-2.06331
2250,-2.37254
2251,-2.661
2252,-2.36754
2253,-2.92462
2254,-2.35551
2255,-2.25285
2256,-2.62525
2257,-1.82268
2258,-2.41762
2259,-2.06848
2260,-0.602882
2261,-2.25152
2262,-2.64815
2263,-1.80223
2264,-1.64705
2265,-1.8076
2266,-2.28062
2267,-2.98883
2268,-2.48086
2269,-2.95447
2270,-1.76312
2271,-2.18237
2272,-2.08522
2273,-2.74533
2274,-2.57209
2275,-2.43379
2276,-2.12892
2277,-2.1704
2278,-0.832502
2279,-2.83259
2280,-2.22513
2281,-2.06393
2282,-2.81894
2283,-2.13124
2284,-2.67675
2285,-2.39446
2286,-2.29871
2287,-2.29945
2288,-2.42367
2289,-2.06468
2290,-2.15114
2291,-2.5847
2292,-2.12563
2293,-1.50903
2294,-2.03807
2295,-2.59277
2296,-2.48644
2297,-2.95004
2298,-2.4083
2299,-2.11042
2300,-2.13195
2301,-2.05624
2302,-2.21668
2303,-2.4749
2304,-2.76639
2305,-2.4423
2306,-2.92773
2307,-3.08153
2308,-2.75725
2309,-2.66263
2310,-1.77377
2311,-1.78783
2312,-2.00131
2313,-2.11074
2314,-1.69977
2315,-3.01418
2316,-2.58323
2317,-2.08545
2318,-2.37842
2319,-3.15083
2320,-2.54437
2321,-2.5024
2322,-2.96024
2323,-2.56872
2324,-2.48043
2325,-2.56516
2326,-1.87337
2327,-2.55211
2328,-2.39897
2329,-2.21043
2330,-2.04136
2331,-2.89843
2332,-3.13378
2333,-1.72716
2334,-2.34119
2335,-2.23111
2336,-2.57907
2337,-2.1768
2338,-2.29838
2339,-2.88164
2340,-1.67429
2341,-2.05635
2342,-2.27616
2343,-2.55337
2344,-2.18088
2345,-2.34583
2346,-2.09801
2347,-2.63459
2348,-1.33162
2349,-1.914
2350,-2.5611
2351,-2.57192
2352,-2.45759
2353,-1.86187
2354,-1.7597
2355,-2.28746
2356,-2.29906
2357,-2.13745
2358,-2.27901
2359,-1.60734
2360,-2.13288
2361,-2.18089
2362,-1.21089
2363,-2.58405
2364,-2.46953
2365,-2.60923
2366,-2.24291
2367,-2.02315
2368,-2.82818
2369,-2.04917
2370,-2.91555
2371,-2.86255
2372,-1.65381
2373,-2.14386
2374,-2.37421
2375,-2.59926
2376,-2.76565
2377,-1.57199
2378,-1.80159
2379,-2.4183
2380,-2.24276
2381,-1.36468
2382,-2.71533
2383,-2.31981
2384,-2.03033
2385,-3.06346
2386,-2.22223
2387,-2.49775
2388,-2.01977
2389,-1.29215
2390,-2.04091
2391,-2.0346
2392,-2.17094
2393,-2.52102
2394,-2.07356
2395,-1.64998
2396,-2.31111
2397,-1.23669
2398,-2.214
2399,-1.75833
2400,-2.28652
2401,-2.66722
2402,-1.77381
2403,-2.5361
2404,-1.34791
2405,-2.61881
2406,-1.88085
2407,-1.62282
2408,-2.0208
2409,-2.38026
2410,-2.54105
2411,-2.60285
2412,-2.97115
2413,-2.53161
2414,-2.28847
2415,-2.71013
2416,-2.59011
2417,-2.87522
2418,-1.79855
2419,-2.68445
2420,-2.48723
2421,-1.24187
2422,-1.92408
2423,-2.39744
2424,-2.28605
2425,-2.79805
2426,-2.42025
2427,-2.13547
2428,-2.50675
2429,-3.09473
2430,-2.98578
2431,-3.26754
2432,-2.31394
2433,-1.92861
2434,-2.09718
2435,-2.10117
2436,-2.32446
2437,-2.99034
2438,-2.38658
2439,-2.40627
2440,-2.7501
2441,-2.44062
2442,-2.61706
2443,-2.77492
2444,-2.43365
2445,-2.98028
2446,-2.28135
2447,-1.20217
2448,-2.7925
2449,-1.9003
2450,-2.03937
2451,-2.07157
2452,-2.4089
2453,-2.9167
2454,-2.48593
2455,-1.46762
2456,-2.6343
2457,-2.20177
2458,-2.20544
2459,-3.23404
2460,-2.4034
2461,-2.54242
2462,-2.94225
2463,-1.18497
2464,-2.86763
2465,-2.91553
2466,-3.14258
2467,-2.21072
2468,-1.64055
2469,-2.25602
2470,-2.84832
2471,-2.69526
2472,-2.36338
2473,-2.44057
2474,-2.77826
2475,-2.22908
2476,-2.4087
2477,-2.78716
2478,-3.17453
2479,-2.34616
2480,-2.88109
2481,-1.64221
2482,-2.01623
2483,-1.14467
2484,-2.47912
2485,-2.30014
2486,-2.36047
2487,-3.08518
2488,-2.63653
2489,-2.85503
2490,-2.71669
2491,-2.21583
2492,-0.666212
2493,-1.32228
2494,-2.66069
2495,-0.801708
2496,-2.37358
2497,-2.01718
2498,-2.19518
2499,-0.818843
2500,-0.948188
2501,-2.74659
2502,-2.68523
2503,-2.97813
2504,-2.11184
2505,-2.00834
2506,-2.3484
2507,-2.40912
2508,-2.64606
2509,-3.26408
2510,-2.27144
2511,-2.91483
2512,-3.03105
2513,-2.06356
2514,-2.70264
2515,-2.59788
2516,-1.97796
2517,-2.75972
2518,-1.95607
2519,-3.06047
2520,-2.26797
2521,-2.17667
2522,-1.4136
2523,-2.35473
2524,-2.26147
2525,-2.44002
2526,-2.33546
2527,-2.96396
2528,-2.35485
2529,-1.12995
2530,-2.46216
2531,-2.5388
2532,-1.62672
2533,-2.50409
2534,-2.40175
2535,-2.64799
2536,-2.49314
2537,-2.54916
2538,-2.09914
2539,-2.35011
2540,-2.57491
2541,-2.60316
2542,-2.77675
2543,-2.67753
2544,-2.78884
2545,-2.81424
2546,-2.22091
2547,-1.18543
2548,-2.50311
2549,-2.47164
2550,-1.58029
2551,-2.74499
2552,-2.37005
2553,-0.968753
2554,-2.1947
2555,-2.75645
2556,-2.52298
2557,-2.19613
2558,-2.04474
2559,-2.57278
2560,-3.02655
2561,-1.20348
2562,-0.812451
2563,-1.76089
2564,-1.36077
2565,-0.917929
2566,-2.67664
2567,-2.2683
2568,-2.73586
2569,-2.44636
2570,-2.24592
2571,-1.10144
2572,-2.09908
2573,-2.43431
2574,-2.87943
2575,-1.38183
2576,-2.78831
2577,-1.97039
2578,-2.6519
2579,-1.62815
2580,-2.13042
2581,-2.22888
2582,-2.51948
2583,-2.36926
2584,-2.56289
2585,-2.23652
2586,-2.28647
2587,-2.51758
2588,-2.22681
2589,-2.19761
2590,-2.33271
2591,-2.29453
2592,-3.16052
2593,-2.55736
2594,-2.60807
2595,-3.08247
2596,-1.37578
2597,-1.31796
2598,-2.82232
2599,-2.30828
2600,-3.22255
2601,-2.81592
2602,-2.10619
2603,-2.6526
2604,-2.45893
2605,-2.11101
2606,-1.56787
2607,-0.727882
2608,-2.64478
2609,-2.27278
2610,-2.58433
2611,-2.47886
2612,-2.05408
2613,-1.31564
2614,-2.26879
2615,-3.09059
2616,-2.33579
2617,-2.92292
2618,-2.4048
2619,-2.38624
2620,-2.51444
2621,-2.45324
2622,-2.2741
2623,-2.46725
2624,-1.81823
2625,-2.72415
2626,-1.77872
2627,-2.09268
2628,-2.80924
2629,-2.44617
2630,-2.34227
2631,-2.90024
2632,-2.96976
2633,-2.13043
2634,-1.83894
2635,-2.03421
2636,-1.64232
2637,-3.15555
2638,-2.74441
2639,-3.03508
2640,-2.5313
2641,-2.30714
2642,-2.0681
2643,-2.03802
2644,-2.47838
2645,-1.2106
2646,-2.94094
2647,-2.4537
2648,-2.53376
2649,-2.45885
2650,-2.02608
2651,-2.43493
2652,-2.26784
2653,-2.4219
2654,-2.8087
2655,-3.20746
2656,-2.56699
2657,-2.56741
2658,-2.20215
2659,-2.38388
2660,-2.06032
2661,-1.30853
2662,-2.80572
2663,-2.5134
2664,-2.26956
2665,-1.2035
2666,-2.18326
2667,-2.19544
2668,-2.23608
2669,-2.76831
2670,-2.70874
2671,-2.25321
2672,-2.22992
2673,-2.98169
2674,-3.06242
2675,-2.34124
2676,-1.68889
2677,-2.48543
2678,-2.12282
2679,-2.31875
2680,-2.218
2681,-2.25593
2682,-2.10566
2683,-1.46511
2684,-2.38882
2685,-2.5579
2686,-2.33377
2687,-2.10293
2688,-2.71157
2689,-0.70406
2690,-2.42549
2691,-2.53837
2692,-0.876948
2693,-2.44844
2694,-2.29349
2695,-2.90849
2696,-2.91989
2697,-2.46899
2698,-1.80333
2699,-2.21766
2700,-2.89378
2701,-2.59722
2702,-2.39964
2703,-2.34934
2704,-1.18986
2705,-2.03339
2706,-2.52993
2707,-2.8162
2708,-1.74775
2709,-2.56645
2710,-2.42765
2711,-2.03194
2712,-2.20952
2713,-2.43961
2714,-0.987745
2715,-2.32448
2716,-2.63477
2717,-2.16251
2718,-1.11758
2719,-2.4348
2720,-2.27315
2721,-2.40103
2722,-2.4177
2723,-2.49124
2724,-2.5123
2725,-2.28051
2726,-2.01071
2727,-1.52888
2728,-1.63731
2729,-2.23608
2730,-2.35071
2731,-2.01115
2732,-3.16138
2733,-1.39192
2734,-2.36484
2735,-1.62264
2736,-2.47004
2737,-2.19859
2738,-2.49966
2739,-2.22894
2740,-2.77327
2741,-2.81955
2742,-2.67201
2743,-2.65498
2744,-2.28197
2745,-1.18177
2746,-1.4098
2747,-2.38483
2748,-2.6975
2749,-2.28601
2750,-2.56773
2751,-1.18488
2752,-2.83907
2753,-1.23609
2754,-1.95999
2755,-2.34674
2756,-2.11835
2757,-2.20873
2758,-2.10337
2759,-2.41196
2760,-1.62291
2761,-2.08116
2762,-0.927388
2763,-2.76902
2764,-2.02849
2765,-1.88794
2766,-1.61675
2767,-2.86265
2768,-2.36242
2769,-2.2448
2770,-2.88902
2771,-2.36524
2772,-2.07946
2773,-2.48332
2774,-1.24261
2775,-2.83835
2776,-2.0048
2777,-2.54447
2778,-1.19512
2779,-2.26125
2780,-1.78084
2781,-2.85488
2782,-2.63903
2783,-1.17767
2784,-2.22046
2785,-3.1183
2786,-2.2424
2787,-2.50474
2788,-2.59541
2789,-2.32135
2790,-2.45592
2791,-2.1394
2792,-2.5643
2793,-1.28314
2794,-2.60179
2795,-2.83719
2796,-2.35354
2797,-2.81969
2798,-2.15468
2799,-2.08298
2800,-2.78744
2801,-1.27169
2802,-2.22334
2803,-2.9045
2804,-2.73735
2805,-2.38077
2806,-2.09559
2807,-2.60024
2808,-2.53907
2809,-2.63661
2810,-1.37455
2811,-2.30133
2812,-1.65207
2813,-2.60612
2814,-2.41819
2815,-3.11416
2816,-2.10134
2817,-2.50229
2818,-3.20821
2819,-1.1
2820,-2.74591
2821,-1.84474
2822,-1.62427
2823,-1.70914
2824,-2.64691
2825,-2.86066
2826,-2.07431
2827,-2.30928
2828,-2.35622
2829,-2.16397
2830,-2.10847
2831,-1.08733
2832,-2.53626
2833,-1.51854
2834,-1.83614
2835,-2.89067
2836,-2.28387
2837,-0.810928
2838,-2.42528
2839,-2.43019
2840,-2.55143
2841,-2.33248
2842,-2.99613
2843,-2.75958
2844,-1.50035
2845,-2.61316
2846,-2.55439
2847,-2.09267
2848,-2.09579
2849,-0.835947
2850,-2.36759
2851,-2.44584
2852,-1.18643
2853,-2.12603
2854,-2.69567
2855,-2.3779
2856,-1.56085
2857,-2.36988
2858,-2.29358
2859,-1.37647
2860,-1.91679
2861,-2.45558
2862,-2.80096
2863,-0.83611
2864,-2.11056
2865,-2.21305
2866,-2.28632
2867,-2.44731
2868,-2.83054
2869,-2.92866
2870,-1.18231
2871,-2.18183
2872,-2.63711
2873,-2.61258
2874,-2.70592
2875,-2.27773
2876,-2.86055
2877,-2.54545
2878,-2.15398
2879,-1.76285
2880,-2.58623
2881,-2.18486
2882,-2.17584
2883,-2.74317
2884,-2.25166
2885,-3.12986
2886,-1.7216
2887,-2.3042
2888,-3.10006
2889,-2.82815
2890,-2.33313
2891,-1.31246
2892,-1.77451
2893,-2.4102
2894,-2.46797
2895,-1.91159
2896,-2.9463
2897,-2.68263
2898,-3.16304
2899,-2.28482
2900,-2.5391
2901,-2.37869
2902,-2.33118
2903,-2.74046
2904,-2.20135
2905,-2.80743
2906,-2.76656
2907,-2.47219
2908,-1.2931
2909,-2.25965
2910,-2.28147
2911,-2.76639
2912,-1.94367
2913,-2.70828
2914,-1.70725
2915,-2.1009
2916,-2.50854
2917,-2.17552
2918,-2.15844
2919,-2.00464
2920,-2.07626
2921,-2.26289
2922,-2.95639
2923,-2.93129
2924,-1.28038
2925,-2.12741
2926,-2.47723
2927,-2.29095
2928,-2.313
2929,-2.29686
2930,-1.23766
2931,-2.32946
2932,-2.24871
2933,-2.34708
2934,-1.52449
2935,-1.99401
2936,-2.5809
2937,-2.25259
2938,-2.62877
2939,-2.02406
2940,-3.29
2941,-1.41604
2942,-1.76968
2943,-2.66797
2944,-2.6308
2945,-2.27086
2946,-2.77864
2947,-2.24161
2948,-1.10801
2949,-2.75247
2950,-2.462
2951,-2.30845
2952,-2.79759
2953,-2.26345
2954,-2.99357
2955,-2.48035
2956,-2.60506
2957,-2.24662
2958,-2.67172
2959,-2.97529
2960,-2.16729
2961,-2.35338
2962,-1.76893
2963,-1.2938
2964,-2.6755
2965,-1.93757
2966,-2.51798
2967,-2.55499
2968,-2.44792
2969,-2.45115
2970,-0.543298
2971,-2.3714
2972,-2.71035
2973,-2.6627
2974,-2.41767
2975,-2.28397
2976,-2.1553
2977,-1.69696
2978,-2.99911
2979,-2.49419
2980,-2.26054
2981,-2.26511
2982,-2.90697
2983,-2.93845
2984,-2.47117
2985,-2.71864
2986,-2.51299
2987,-1.61686
2988,-2.36814
2989,-2.59379
2990,-2.63859
2991,-2.96105
2992,-1.83406
2993,-2.57784
2994,-1.10885
2995,-1.1991
2996,-2.38635
2997,-2.7823
2998,-2.43603
2999,-2.02199
3000,-1.65749
3001,-0.777294
3002,-1.26311
3003,-2.80081
3004,-2.18192
3005,-1.70447
3006,-2.86949
3007,-2.36954
3008,-2.71756
3009,-2.72943
3010,-2.40687
3011,-2.71061
3012,-2.30177
3013,-3.06512
3014,-1.96067
3015,-0.70636
3016,-0.798685
3017,-2.78804
3018,-2.50525
3019,-2.28595
3020,-1.86342
3021,-2.32002
3022,-2.7964
3023,-2.59204
3024,-2.50921
3025,-2.64055
3026,-2.99189
3027,-2.01905
3028,-2.97308
3029,-0.743094
3030,-1.62155
3031,-2.84674
3032,-3.0727
3033,-2.53235
3034,-2.14362
3035,-1.75192
3036,-1.24566
3037,-1.84861
3038,-2.58529
3039,-1.27532
3040,-2.42839
3041,-2.04624
3042,-1.31286
3043,-1.11735
3044,-2.81893
3045,-0.735388
3046,-3.02827
3047,-2.22014
3048,-2.96663
3049,-2.87401
3050,-2.39918
3051,-2.22894
3052,-2.56974
3053,-2.51588
3054,-1.35362
3055,-1.21606
3056,-1.98924
3057,-2.1556
3058,-2.66016
3059,-1.71718
3060,-2.5435
3061,-2.19631
3062,-2.06786
3063,-2.19759
3064,-1.20061
3065,-2.87544
3066,-2.796
3067,-2.48654
3068,-1.34143
3069,-2.29177
3070,-0.739044
3071,-2.28026
3072,-2.54177
3073,-2.33009
3074,-2.13112
3075,-2.37327
3076,-2.61574
3077,-2.346
3078,-2.13177
3079,-2.67341
3080,-2.22507
3081,-1.27251
3082,-2.56531
3083,-2.15905
3084,-2.33556
3085,-1.30434
3086,-2.31668
3087,-2.93471
3088,-2.76047
3089,-2.52659
3090,-3.00168
3091,-1.8004
3092,-2.8653
3093,-1.25032
3094,-1.9842
3095,-2.22874
3096,-2.84016
3097,-2.53686
3098,-1.20271
3099,-1.78195
3100,-2.69905
3101,-2.00915
3102,-2.8695
3103,-1.57245
3104,-1.8086
3105,-2.41142
3106,-2.81375
3107,-2.2434
3108,-2.90611
3109,-2.81533
3110,-2.07839
3111,-2.39478
3112,-0.907796
3113,-2.58397
3114,-2.13465
3115,-2.57824
3116,-1.25163
3117,-2.86558
3118,-2.14758
3119,-2.87779
3120,-1.49265
3121,-1.94366
3122,-2.46193
3123,-2.19828
3124,-2.48509
3125,-2.55389
3126,-2.68218
3127,-2.0423
3128,-2.39725
3129,-1.35244
3130,-2.19466
3131,-2.45675
3132,-2.7444
3133,-2.75478
3134,-2.84158
3135,-2.66762
3136,-2.12964
3137,-2.74121
3138,-2.67393
3139,-2.51387
3140,-1.61067
3141,-2.33765
3142,-0.847493
3143,-2.48319
3144,-2.79448
3145,-2.44248
3146,-1.91919
3147,-0.892687
3148,-2.59797
3149,-2.36219
3150,-2.95103
3151,-2.2974
3152,-2.23909
3153,-2.05327
3154,-2.25205
3155,-1.16449
3156,-1.20236
3157,-2.35552
3158,-0.842184
3159,-1.75117
3160,-2.72103
3161,-0.817282
3162,-1.09283
3163,-2.84972
3164,-2.36794
3165,-0.772898
3166,-2.62029
3167,-1.20913
3168,-1.81024
3169,-2.72273
3170,-1.55436
3171,-2.07216
3172,-2.42145
3173,-2.27739
3174,-2.0255
3175,-1.70121
3176,-2.1954
3177,-2.49751
3178,-2.25498
3179,-3.07862
3180,-2.32311
3181,-2.50048
3182,-3
3183,-2.28605
3184,-2.06399
3185,-2.20905
3186,-1.07143
3187,-2.61047
3188,-1.49883
3189,-1.72531
3190,-2.04196
3191,-1.40935
3192,-2.43246
3193,-2.33957
3194,-2.65653
3195,-2.45747
3196,-0.770827
3197,-3.06842
3198,-2.45087
3199,-1.18977
3200,-3.07049
3201,-2.23491
3202,-2.41816
3203,-2.09401
3204,-2.21392
3205,-2.59413
3206,-2.51387
3207,-2.38448
3208,-2.31532
3209,-1.99838
3210,-2.65387
3211,-2.22794
3212,-2.05993
3213,-0.756576
3214,-3.06514
3215,-2.05111
3216,-2.58856
3217,-2.27281
3218,-2.25503
3219,-3.03274
3220,-3.15103
3221,-3.04231
3222,-2.53678
3223,-1.99967
3224,-2.28817
3225,-2.56792
3226,-2.65001
3227,-2.18436
3228,-3.09631
3229,-1.30307
3230,-2.35653
3231,-1.37573
3232,-2.67476
3233,-2.16434
3234,-2.30253
3235,-2.10845
3236,-1.77958
3237,-2.47757
3238,-2.43792
3239,-2.17652
3240,-2.00397
3241,-1.23686
3242,-1.71692
3243,-2.30548
3244,-2.53966
3245,-2.2429
3246,-1.73826
3247,-3.12214
3248,-1.54779
3249,-0.584248
3250,-2.31455
3251,-2.10019
3252,-2.817
3253,-1.15073
3254,-2.3436
3255,-2.31161
3256,-2.65991
3257,-2.58609
3258,-2.58473
3259,-2.45024
3260,-2.09998
3261,-2.34448
3262,-2.41262
3263,-2.6372
3264,-2.15024
3265,-2.52057
3266,-1.75241
3267,-3.06499
3268,-2.12114
3269,-2.23262
3270,-2.65382
3271,-2.11825
3272,-2.50265
3273,-2.58961
3274,-2.25654
3275,-2.00925
3276,-2.42432
3277,-1.13916
3278,-2.38557
3279,-2.22152
3280,-1.15327
3281,-2.29121
3282,-1.65219
3283,-2.74845
3284,-1.43851
3285,-2.33369
3286,-1.72691
3287,-2.21091
3288,-2.56907
3289,-2.46669
3290,-2.20244
3291,-1.10911
3292,-2.08511
3293,-2.18424
3294,-2.5044
3295,-2.59095
3296,-3.33646
3297,-2.07013
3298,-2.02222
3299,-2.66077
3300,-2.97127
3301,-2.29194
3302,-2.35419
3303,-2.54692
3304,-2.60003
3305,-1.51949
3306,-2.59118
3307,-2.5305
3308,-2.67029
3309,-3.06408
3310,-2.33521
3311,-2.40428
3312,-2.33271
3313,-2.56074
3314,-2.20295
3315,-1.21941
3316,-2.63669
3317,-2.72766
3318,-1.40665
3319,-2.13892
3320,-1.1519
3321,-2.65206
3322,-2.60842
3323,-2.12803
3324,-3.05218
3325,-2.455
3326,-2.61733
3327,-2.43543
3328,-2.19013
3329,-2.26702
3330,-2.04361
3331,-2.62444
3332,-2.3329
3333,-2.8207
3334,-2.49041
3335,-2.14848
3336,-2.29425
3337,-2.07957
3338,-2.25243
3339,-2.56111
3340,-2.16495
3341,-2.12136
3342,-2.79915
3343,-2.4577
3344,-2.20048
3345,-2.4077
3346,-2.28328
3347,-0.893162
3348,-2.24995
3349,-2.22492
3350,-2.24922
3351,-2.36288
3352,-2.41667
3353,-1.19304
3354,-2.17756
3355,-2.54723
3356,-1.92353
3357,-2.49367
3358,-2.71436
3359,-2.1347
3360,-3.14292
3361,-2.79251
3362,-2.17276
3363,-2.24979
3364,-2.13504
3365,-2.29742
3366,-2.12185
3367,-2.37217
3368,-1.28781
3369,-2.2799
3370,-2.39602
3371,-2.29267
3372,-2.10787
3373,-2.47937
3374,-2.17764
3375,-2.44747
3376,-1.21553
3377,-2.9179
3378,-2.23827
3379,-2.26264
3380,-1.92537
3381,-2.23211
3382,-2.96426
3383,-2.27552
3384,-2.57447
3385,-2.86261
3386,-2.91759
3387,-2.31662
3388,-2.96451
3389,-2.54951
3390,-2.92243
3391,-2.53974
3392,-2.47467
3393,-3.03748
3394,-2.14764
3395,-2.09124
3396,-2.5477
3397,-1.24166
3398,-1.96404
3399,-2.02655
3400,-2.31368
3401,-0.976488
3402,-1.55629
3403,-2.84997
3404,-2.53902
3405,-2.14255
3406,-2.24652
3407,-2.13003
3408,-2.05882
3409,-1.12228
3410,-1.74744
3411,-3.04945
3412,-2.33357
3413,-2.82922
3414,-1.92837
3415,-2.51764
3416,-2.85839
3417,-2.31872
3418,-1.05307
3419,-2.11918
3420,-2.63465
3421,-1.76272
3422,-1.62131
3423,-2.95393
3424,-3.16415
3425,-2.10996
3426,-1.92118
3427,-2.60463
3428,-2.38493
3429,-2.68462
3430,-2.33407
3431,-2.53826
3432,-2.80305
3433,-3.08699
3434,-2.21265
3435,-1.958
3436,-2.3823
3437,-1.53899
3438,-2.61843
3439,-2.39221
3440,-2.45279
3441,-3.20004
3442,-2.0973
3443,-2.63706
3444,-1.45122
3445,-2.19602
3446,-2.68357
3447,-2.33228
3448,-2.88235
3449,-2.42322
3450,-2.75573
3451,-2.51616
3452,-0.776638
3453,-2.6022
3454,-1.76527
3455,-2.86547
3456,-2.47488
3457,-2.92704
3458,-2.33255
3459,-2.6626
3460,-1.18126
3461,-2.56487
3462,-3.05808
3463,-0.929273
3464,-2.07529
3465,-0.612663
3466,-1.26698
3467,-1.85815
3468,-2.28987
3469,-2.58906
3470,-2.18558
3471,-2.56469
3472,-2.57345
3473,-3.00304
3474,-2.14457
3475,-1.06262
3476,-2.2719
3477,-1.93553
3478,-1.30243
3479,-2.55079
3480,-2.87663
3481,-2.21735
3482,-2.31301
3483,-2.01169
3484,-2.43085
3485,-2.30496
3486,-1.4293
3487,-2.31833
3488,-2.59956
3489,-2.50556
3490,-2.32106
3491,-0.875756
3492,-2.40391
3493,-2.95615
3494,-1.71156
3495,-2.12349
3496,-2.45686
3497,-2.43844
3498,-2.48413
3499,-0.790331
3500,-2.19285
3501,-2.72432
3502,-1.98637
3503,-2.34005
3504,-1.83576
3505,-2.67104
3506,-2.66202
3507,-2.37394
3508,-2.20753
3509,-2.61212
3510,-2.19239
3511,-2.11635
3512,-2.31217
3513,-1.09
3514,-2.48443
3515,-1.08707
3516,-2.39021
3517,-2.05986
3518,-2.75381
3519,-2.11548
3520,-1.47728
3521,-1.60685
3522,-2.02699
3523,-2.60582
3524,-2.14714
3525,-2.19866
3526,-1.82078
3527,-2.43712
3528,-2.63128
3529,-2.48765
3530,-2.56429
3531,-2.28197
3532,-1.93192
3533,-2.08526
3534,-3.24456
3535,-2.81784
3536,-2.4207
3537,-1.50395
3538,-2.78974
3539,-2.66401
3540,-1.79999
3541,-2.87996
3542,-2.36508
3543,-2.612
3544,-0.764844
3545,-2.24534
3546,-1.51611
3547,-2.04345
3548,-2.40123
3549,-1.18341
3550,-2.69066
3551,-1.32995
3552,-2.20112
3553,-2.16595
3554,-2.67598
3555,-2.1704
3556,-2.51064
3557,-2.22275
3558,-2.35076
3559,-2.87058
3560,-2.78669
3561,-1.59742
3562,-3.10676
3563,-2.98583
3564,-2.17225
3565,-2.85171
3566,-0.753637
3567,-2.64075
3568,-1.74724
3569,-1.0868
3570,-2.22466
3571,-2.79683
3572,-2.70154
3573,-1.96156
3574,-2.27549
3575,-2.18933
3576,-1.78532
3577,-2.92159
3578,-1.32943
3579,-2.55869
3580,-2.67914
3581,-2.3486
3582,-2.84143
3583,-2.77786
3584,-2.35558
3585,-1.90488
3586,-0.654349
3587,-2.60005
3588,-2.6474
3589,-2.73064
3590,-1.21587
3591,-2.55457
3592,-2.42976
3593,-2.35245
3594,-2.75904
3595,-2.06712
3596,-1.90028
3597,-2.36083
3598,-3.031
3599,-2.97501
3600,-2.27784
3601,-0.858631
3602,-2.7206
3603,-2.14664
3604,-1.67373
3605,-1.89999
3606,-2.37167
3607,-2.90463
3608,-2.43456
3609,-2.27546
3610,-2.5018
3611,-0.768719
3612,-2.3254
3613,-2.37405
3614,-2.84454
3615,-2.94559
3616,-1.91273
3617,-2.57418
3618,-3.21675
3619,-1.17085
3620,-2.8724
3621,-2.4601
3622,-2.30166
3623,-1.6404
3624,-1.90646
3625,-2.11385
3626,-2.40166
3627,-2.47808
3628,-2.429
3629,-2.32081
3630,-2.89765
3631,-3.32728
3632,-2.70457
3633,-2.41782
3634,-2.31792
3635,-2.77978
3636,-2.2681
3637,-1.26097
3638,-2.17955
3639,-2.28534
3640,-1.82654
3641,-2.11536
3642,-2.50458
3643,-2.21902
3644,-2.76006
3645,-2.61699
3646,-2.63672
3647,-2.38584
3648,-2.54535
3649,-1.21896
3650,-1.70644
3651,-2.54799
3652,-2.90197
3653,-2.81099
3654,-2.47261
3655,-2.591
3656,-2.49223
3657,-2.57044
3658,-2.52568
3659,-2.22615
3660,-2.04135
3661,-2.82098
3662,-2.45165
3663,-2.27747
3664,-1.33651
3665,-2.84635
3666,-2.47666
3667,-2.61105
3668,-2.30988
3669,-2.68485
3670,-2.77971
3671,-2.77609
3672,-2.32607
3673,-2.76676
3674,-2.26029
3675,-2.48678
3676,-1.85036
3677,-2.22925
3678,-2.53062
3679,-2.17087
3680,-2.68456
3681,-2.41788
3682,-2.04824
3683,-2.01666
3684,-2.00401
3685,-2.21656
3686,-2.08552
3687,-1.65714
3688,-2.36598
3689,-2.7739
3690,-2.20889
3691,-2.36594
3692,-2.44811
3693,-2.22167
3694,-1.56123
3695,-2.65437
3696,-2.73588
3697,-2.37597
3698,-2.2269
3699,-2.37175
3700,-2.43129
3701,-2.15695
3702,-2.16496
3703,-2.17026
3704,-2.34692
3705,-1.97538
3706,-1.69846
3707,-3.17332
3708,-2.27366
3709,-3.19269
3710,-2.52201
3711,-2.26337
3712,-1.48848
3713,-1.10352
3714,-2.61886
3715,-2.65877
3716,-2.56276
3717,-2.50217
3718,-1.7943
3719,-2.77506
3720,-2.28957
3721,-2.24689
3722,-2.43028
3723,-1.67198
3724,-2.149
3725,-2.16295
3726,-2.45729
3727,-2.12651
3728,-2.27625
3729,-2.47301
3730,-2.34955
3731,-2.23355
3732,-2.99121
3733,-2.19342
3734,-2.21074
3735,-2.36657
3736,-3.09571
3737,-2.38994
3738,-1.94297
3739,-1.12825
3740,-2.57159
3741,-2.34417
3742,-2.40426
3743,-2.36888
3744,-1.85715
3745,-2.48417
3746,-2.6783
3747,-2.17164
3748,-2.72966
3749,-2.49333
3750,-1.74376
3751,-2.41265
3752,-2.24032
3753,-2.41932
3754,-2.38311
3755,-2.38664
3756,-2.55609
3757,-2.47185
3758,-2.26845
3759,-1.92552
3760,-1.58916
3761,-2.34425
3762,-2.82508
3763,-1.93647
3764,-2.45062
3765,-2.19252
3766,-2.91525
3767,-2.73418
3768,-3.1312
3769,-2.82134
3770,-1.81975
3771,-2.08434
3772,-2.16605
3773,-1.83583
3774,-2.42906
3775,-2.52391
3776,-2.6986
3777,-2.48603
3778,-2.55501
3779,-3.16606
3780,-2.58061
3781,-2.32449
3782,-2.51042
3783,-2.23717
3784,-2.41776
3785,-2.74824
3786,-1.62667
3787,-2.03609
3788,-2.55124
3789,-1.76726
3790,-2.59627
3791,-1.24431
3792,-2.368
3793,-2.19785
3794,-2.17202
3795,-2.36752
3796,-2.43861
3797,-1.79845
3798,-2.25246
3799,-2.03304
3800,-2.31879
3801,-2.27194
3802,-2.01154
3803,-2.64733
3804,-2.08976
3805,-2.47545
3806,-2.54983
3807,-2.52127
3808,-2.20978
3809,-2.18751
3810,-2.84084
3811,-2.48058
3812,-2.58558
3813,-2.83442
3814,-2.65637
3815,-2.47208
3816,-2.213
3817,-1.73109
3818,-1.43467
3819,-2.77973
3820,-1.83913
3821,-2.78181
3822,-2.30485
3823,-1.88465
3824,-2.48033
3825,-2.14579
3826,-2.09035
3827,-2.45034
3828,-2.15312
3829,-2.19655
3830,-2.20377
3831,-2.76244
3832,-2.77447
3833,-1.73876
3834,-2.99803
3835,-2.34671
3836,-2.34336
3837,-2.27705
3838,-2.01056
3839,-2.71617
3840,-2.36976
3841,-2.97057
3842,-2.00758
3843,-2.60821
3844,-2.07598
3845,-2.7189
3846,-2.12017
3847,-2.20836
3848,-1.09755
3849,-1.78172
3850,-2.28511
3851,-2.47162
3852,-2.92391
3853,-2.48635
3854,-2.53674
3855,-2.7745
3856,-2.52458
3857,-2.16083
3858,-2.4018
3859,-2.14211
3860,-2.49423
3861,-1.4301
3862,-2.12008
3863,-2.29444
3864,-2.40138
3865,-2.9095
3866,-2.21772
3867,-2.09805
3868,-2.15529
3869,-2.21943
3870,-2.40134
3871,-2.21508
3872,-2.42104
3873,-1.78176
3874,-2.53422
3875,-2.84688
3876,-2.08085
3877,-2.37249
3878,-2.58229
3879,-2.59901
3880,-1.45538
3881,-2.51875
3882,-2.37594
3883,-2.55531
3884,-2.15003
3885,-1.70481
3886,-2.80928
3887,-2.43347
3888,-2.53054
3889,-2.44387
3890,-2.81921
3891,-2.49423
3892,-2.04196
3893,-2.88765
3894,-2.9771
3895,-2.49219
3896,-2.02123
3897,-1.78235
3898,-1.69671
3899,-1.74716
3900,-2.43831
3901,-2.5693
3902,-2.59459
3903,-2.66227
3904,-2.59002
3905,-2.24364
3906,-2.38712
3907,-2.35238
3908,-2.00558
3909,-2.21777
3910,-2.81672
3911,-2.8835
3912,-2.44717
3913,-2.28086
3914,-2.43265
3915,-2.96796
3916,-1.32341
3917,-2.81704
3918,-2.24101
3919,-2.57521
3920,-2.18576
3921,-2.44787
3922,-2.49191
3923,-2.26869
3924,-1.90463
3925,-2.61094
3926,-2.09375
3927,-2.91226
3928,-2.56189
3929,-2.25198
3930,-2.60244
3931,-2.55035
3932,-2.61204
3933,-2.48178
3934,-1.92822
3935,-2.46035
3936,-2.29487
3937,-2.02627
3938,-2.19468
3939,-2.5792
3940,-2.80935
3941,-1.48625
3942,-2.23604
3943,-2.78823
3944,-1.47279
3945,-2.1298
3946,-1.80077
3947,-2.60636
3948,-2.47428
3949,-2.08024
3950,-2.09227
3951,-1.80344
3952,-2.36332
3953,-2.61599
3954,-2.07372
3955,-2.20219
3956,-2.14702
3957,-1.75559
3958,-2.86661
3959,-1.97696
3960,-2.41119
3961,-2.39399
3962,-2.03386
3963,-1.65457
3964,-2.6655
3965,-2.84614
3966,-2.58067
3967,-2.37238
3968,-2.18283
3969,-2.29491
3970,-1.65073
3971,-1.72772
3972,-1.59445
3973,-2.31613
3974,-2.49195
3975,-1.85028
3976,-2.8469
3977,-1.80804
3978,-2.2769
3979,-2.37276
3980,-2.28693
3981,-1.99567
3982,-2.11607
3983,-2.59941
3984,-1.90957
3985,-2.28439
3986,-2.0429
3987,-2.22808
3988,-1.36478
3989,-2.67776
3990,-2.26545
3991,-2.45582
3992,-2.69322
3993,-2.28762
3994,-2.12925
3995,-2.25303
3996,-2.22664
3997,-2.217
3998,-2.07009
3999,-2.46407
4000,-2.41751
4001,-2.43715
4002,-2.42639
4003,-2.55239
4004,-2.40628
4005,-2.14198
4006,-2.26131
4007,-2.42171
4008,-2.5704
4009,-2.85211
4010,-2.77657
4011,-2.56356
4012,-1.8846
4013,-2.35774
4014,-1.75745
4015,-2.78458
4016,-2.71291
4017,-1.89673
4018,-2.49455
4019,-1.83945
4020,-1.61961
4021,-2.59191
4022,-2.43633
4023,-2.25587
4024,-1.95916
4025,-2.4418
4026,-2.88874
4027,-2.37567
4028,-1.97865
4029,-2.15195
4030,-2.18631
4031,-2.15215
4032,-1.89913
4033,-2.6078
4034,-2.3304
4035,-2.24947
4036,-2.42633
4037,-2.58697
4038,-2.27961
4039,-2.26428
4040,-2.36031
4041,-2.48094
4042,-2.67399
4043,-2.15538
4044,-1.50466
4045,-2.04006
4046,-2.86787
4047,-2.44813
4048,-2.49574
4049,-2.11713
4050,-1.17892
4051,-2.37058
4052,-2.45949
4053,-2.41004
4054,-1.56406
4055,-2.4895
4056,-2.17626
4057,-2.60083
4058,-2.42189
4059,-2.46204
4060,-2.44622
4061,-2.58464
4062,-2.10733
4063,-1.43083
4064,-2.00986
4065,-1.99717
4066,-2.33864
4067,-2.30104
4068,-2.55478
4069,-2.19969
4070,-2.88278
4071,-3.11688
4072,-2.75033
4073,-2.40932
4074,-2.15036
4075,-2.72227
4076,-2.05574
4077,-2.79118
4078,-2.32323
4079,-2.40996
4080,-2.42524
4081,-2.78861
4082,-1.01898
4083,-2.74674
4084,-2.76442
4085,-2.53501
4086,-2.18671
4087,-1.49228
4088,-2.20024
4089,-1.60158
4090,-2.79499
4091,-1.96313
4092,-2.04859
4093,-2.97187
4094,-3.35574
4095,-2.06949
4096,-2.38227
4097,-2.17249
4098,-2.15332
4099,-2.39252
4100,-2.25809
4101,-2.89794
4102,-2.15911
4103,-2.16188
4104,-2.24119
4105,-2.61319
4106,-2.47816
4107,-2.22037
4108,-3.15206
4109,-2.83367
4110,-2.86211
4111,-2.21367
4112,-2.18189
4113,-2.63666
4114,-1.93069
4115,-1.95231
4116,-2.44979
4117,-2.61419
4118,-2.3441
4119,-2.20401
4120,-2.68908
4121,-2.12602
4122,-2.36427
4123,-2.2808
4124,-1.94396
4125,-2.55911
4126,-2.47118
4127,-2.22502
4128,-2.03474
4129,-2.26779
4130,-1.88937
4131,-1.81608
4132,-1.8389
4133,-1.47672
4134,-2.04737
4135,-1.44899
4136,-2.32239
4137,-2.58353
4138,-2.31563
4139,-2.13817
4140,-2.06988
4141,-2.60632
4142,-2.6714
4143,-2.31086
4144,-2.31078
4145,-2.10744
4146,-2.29098
4147,-1.72269
4148,-2.81103
4149,-2.58728
4150,-1.63341
4151,-2.03727
4152,-1.13929
4153,-2.77257
4154,-2.22968
4155,-2.1551
4156,-2.04678
4157,-2.59761
4158,-2.58
4159,-2.05373
4160,-2.35541
4161,-1.89453
4162,-2.07964
4163,-1.89218
4164,-2.42711
4165,-2.28958
4166,-2.41332
4167,-2.43686
4168,-1.86881
4169,-1.43176
4170,-2.4702
4171,-2.4295
4172,-1.23338
4173,-1.43454
4174,-2.38602
4175,-2.325
4176,-2.13607
4177,-2.64765
4178,-2.30144
4179,-2.30533
4180,-2.31188
4181,-2.36551
4182,-2.34443
4183,-2.82615
4184,-2.21619
4185,-2.56197
4186,-2.31878
4187,-2.80982
4188,-2.62437
4189,-3.09375
4190,-2.35819
4191,-2.09064
4192,-1.67859
4193,-2.53899
4194,-2.23443
4195,-2.1782
4196,-2.23528
4197,-1.67493
4198,-2.18903
4199,-2.36697
4200,-2.61226
4201,-2.44929
4202,-2.48514
4203,-2.41743
4204,-2.05541
4205,-1.57104
4206,-2.16378
4207,-2.3513
4208,-2.09857
4209,-2.14837
4210,-2.38499
4211,-2.5358
4212,-2.57758
4213,-2.10368
4214,-1.43478
4215,-2.49146
4216,-2.88025
4217,-1.92741
4218,-2.32587
4219,-2.67755
4220,-2.29489
4221,-2.30643
4222,-2.53111
4223,-2.42887
4224,-2.25936
4225,-2.74675
4226,-2.48182
4227,-2.49053
4228,-2.4706
4229,-2.78732
4230,-2.17385
4231,-2.96945
4232,-2.54078
4233,-2.59733
4234,-1.98061
4235,-2.86218
4236,-2.07409
4237,-2.34111
4238,-2.39251
4239,-2.4257
4240,-2.48982
4241,-2.49915
4242,-1.93371
4243,-2.42985
4244,-2.49081
4245,-2.75992
4246,-2.36729
4247,-2.54661
4248,-1.28718
4249,-1.71025
4250,-2.77146
4251,-3.12296
4252,-1.14518
4253,-2.40836
4254,-2.12422
4255,-2.24563
4256,-1.64644
4257,-2.28365
4258,-2.86509
4259,-1.7154
4260,-2.59734
4261,-2.19936
4262,-2.27059
4263,-2.39511
4264,-2.72727
4265,-2.91199
4266,-2.10295
4267,-2.32528
4268,-2.01925
4269,-2.07299
4270,-2.35162
4271,-2.23962
4272,-2.67537
4273,-2.89738
4274,-3.09265
4275,-2.04043
4276,-2.51976
4277,-2.94452
4278,-2.23559
4279,-2.32884
4280,-1.74871
4281,-1.34892
4282,-2.354
4283,-2.93358
4284,-2.24831
4285,-2.68405
4286,-2.59631
4287,-3.03973
4288,-2.52937
4289,-1.94226
4290,-2.56073
4291,-2.9249
4292,-2.24793
4293,-2.53169
4294,-2.90116
4295,-2.69849
4296,-2.68441
4297,-2.6962
4298,-2.04486
4299,-1.56455
4300,-2.95519
4301,-2.40986
4302,-2.26357
4303,-2.49038
4304,-2.63698
4305,-2.34951
4306,-2.54575
4307,-3.10844
4308,-2.21082
4309,-1.56725
4310,-2.55006
4311,-2.7468
4312,-2.79144
4313,-2.15107
4314,-2.7235
4315,-2.46957
4316,-1.92376
4317,-2.49254
4318,-1.88128
4319,-1.62811
4320,-2.89197
4321,-2.24145
4322,-2.52518
4323,-2.32492
4324,-2.81611
4325,-1.22729
4326,-2.54316
4327,-2.06883
4328,-2.37924
4329,-1.90127
4330,-2.20503
4331,-2.21275
4332,-2.39312
4333,-2.18716
4334,-1.68302
4335,-2.37902
4336,-2.3931
4337,-2.27746
4338,-2.2602
4339,-2.34677
4340,-2.67992
4341,-2.23916
4342,-2.348
4343,-2.58336
4344,-2.18577
4345,-2.2884
4346,-2.80358
4347,-2.1211
4348,-1.42914
4349,-1.73205
4350,-2.75048
4351,-2.02116
4352,-2.39072
4353,-3.16375
4354,-2.29467
4355,-2.29339
4356,-2.33395
4357,-2.35243
4358,-2.18578
4359,-3.13286
4360,-2.22437
4361,-2.28641
4362,-2.50742
4363,-1.683
4364,-2.32722
4365,-1.6968
4366,-2.8198
4367,-2.38758
4368,-2.62183
4369,-2.4588
4370,-2.33606
4371,-2.87519
4372,-1.80079
4373,-2.45445
4374,-2.71182
4375,-2.1589
4376,-2.17056
4377,-2.59671
4378,-2.52436
4379,-2.60158
4380,-2.375
4381,-1.96621
4382,-2.88005
4383,-2.71951
4384,-2.53635
4385,-2.35931
4386,-2.52435
4387,-1.55332
4388,-2.48943
4389,-2.85697
4390,-2.84666
4391,-2.1202
4392,-2.15598
4393,-2.80753
4394,-1.91227
4395,-2.1308
4396,-2.0952
4397,-2.31406
4398,-2.53682
4399,-2.16001
4400,-1.68746
4401,-2.22702
4402,-2.50881
4403,-2.37436
4404,-1.76992
4405,-2.96895
4406,-3.01884
4407,-2.5599
4408,-2.03787
4409,-2.25891
4410,-2.55691
4411,-2.03154
4412,-1.28344
4413,-2.80185
4414,-1.21951
4415,-2.09972
4416,-2.38703
4417,-3.09922
4418,-2.71478
4419,-2.21288
4420,-2.21297
4421,-2.54882
4422,-2.77504
4423,-2.86162
4424,-1.69971
4425,-2.39147
4426,-2.43489
4427,-2.23436
4428,-2.69218
4429,-2.42311
4430,-2.22798
4431,-2.33088
4432,-2.33403
4433,-2.00495
4434,-2.52743
4435,-2.31104
4436,-2.08476
4437,-2.6721
4438,-2.75033
4439,-2.52386
4440,-2.58907
4441,-3.03578
4442,-2.16694
4443,-2.10291
4444,-1.2675
4445,-1.64746
4446,-2.11428
4447,-2.57014
4448,-2.31165
4449,-2.40498
4450,-2.39894
4451,-2.21977
4452,-1.74377
4453,-3.28598
4454,-2.55334
4455,-2.86024
4456,-2.63919
4457,-1.96113
4458,-2.58901
4459,-2.18291
4460,-2.92475
4461,-0.633856
4462,-2.50719
4463,-2.24645
4464,-2.41756
4465,-2.95578
4466,-2.43082
4467,-2.4639
4468,-3.03774
4469,-2.29729
4470,-2.15175
4471,-2.92561
4472,-2.63532
4473,-2.51625
4474,-2.74423
4475,-1.55338
4476,-2.93974
4477,-3.18816
4478,-2.3024
4479,-2.06906
4480,-2.2743
4481,-1.83095
4482,-2.27027
4483,-1.80668
4484,-2.78345
4485,-2.49459
4486,-3.02616
4487,-2.32315
4488,-2.68508
4489,-2.46797
4490,-2.90759
4491,-2.10931
4492,-2.21026
4493,-2.21734
4494,-2.75307
4495,-2.47722
4496,-2.23412
4497,-1.90573
4498,-2.42649
4499,-3.17744
4500,-1.99151
4501,-2.2725
4502,-2.39606
4503,-1.74243
4504,-1.55056
4505,-3.01378
4506,-2.11741
4507,-3.1015
4508,-1.48448
4509,-2.38673
4510,-2.8659
4511,-2.33277
4512,-2.39233
4513,-2.65345
4514,-2.56623
4515,-2.30518
4516,-2.34252
4517,-1.05825
4518,-2.3515
4519,-2.01112
4520,-2.65559
4521,-1.85153
4522,-2.10949
4523,-1.82665
4524,-2.52093
4525,-2.50253
4526,-1.85269
4527,-2.64454
4528,-3.13837
4529,-2.56502
4530,-2.58114
4531,-2.54357
4532,-2.45997
4533,-2.50834
4534,-1.92322
4535,-2.04606
4536,-1.70247
4537,-2.42133
4538,-1.70767
4539,-2.0662
4540,-2.68692
4541,-2.05018
4542,-2.8955
4543,-2.63256
4544,-2.36267
4545,-2.05116
4546,-2.70039
4547,-1.62786
4548,-2.24659
4549,-2.56156
4550,-2.48353
4551,-2.17658
4552,-2.76956
4553,-2.18085
4554,-2.90883
4555,-2.45121
4556,-2.06991
4557,-2.40944
4558,-2.82006
4559,-2.51955
4560,-2.22458
4561,-1.69
4562,-1.96953
4563,-2.82978
4564,-3.27536
4565,-1.02699
4566,-2.4835
4567,-1.95201
4568,-2.15205
4569,-2.5816
4570,-2.4018
4571,-2.49448
4572,-2.2815
4573,-2.33346
4574,-2.46828
4575,-2.23388
4576,-2.64263
4577,-2.78266
4578,-1.77277
4579,-2.32095
4580,-2.3032
4581,-2.39863
4582,-2.16605
4583,-2.42346
4584,-2.2381
4585,-2.89639
4586,-2.5835
4587,-2.46577
4588,-1.18039
4589,-1.38987
4590,-2.44858
4591,-2.54845
4592,-1.99565
4593,-2.52664
4594,-2.26143
4595,-1.87478
4596,-2.96376
4597,-2.16921
4598,-1.73913
4599,-2.91682
4600,-2.46514
4601,-2.13406
4602,-2.73809
4603,-2.56501
4604,-1.61701
4605,-2.9168
4606,-2.45451
4607,-2.26726
4608,-1.11455
4609,-2.5772
4610,-2.18688
4611,-2.48722
4612,-1.44117
4613,-2.76572
4614,-2.59364
4615,-2.52774
4616,-1.89683
4617,-2.42208
4618,-2.48636
4619,-2.84036
4620,-2.10673
4621,-2.30728
4622,-2.31876
4623,-2.77805
4624,-2.74671
4625,-1.7297
4626,-2.43853
4627,-2.29087
4628,-1.60119
4629,-2.21641
4630,-2.87591
4631,-1.66543
4632,-2.16131
4633,-2.40871
4634,-2.54534
4635,-2.57943
4636,-2.43525
4637,-2.66373
4638,-2.40335
4639,-2.01954
4640,-2.40029
4641,-1.49196
4642,-1.97631
4643,-1.67783
4644,-2.74706
4645,-2.33792
4646,-2.35703
4647,-2.33055
4648,-2.36993
4649,-2.19859
4650,-2.59858
4651,-2.51314
4652,-2.4002
4653,-2.51075
4654,-1.6748
4655,-2.1902
4656,-2.88827
4657,-2.26639
4658,-2.72354
4659,-2.35544
4660,-2.38881
4661,-2.31024
4662,-1.70653
4663,-2.36425
4664,-2.35492
4665,-2.38871
4666,-2.28934
4667,-2.13122
4668,-2.11452
4669,-1.82192
4670,-2.04417
4671,-2.3106
4672,-2.45754
4673,-2.53521
4674,-2.29035
4675,-2.48693
4676,-2.45563
4677,-2.06889
4678,-2.5133
4679,-2.29381
4680,-2.92665
4681,-2.674
4682,-2.74442
4683,-2.18939
4684,-2.51498
4685,-2.59771
4686,-2.57992
4687,-1.82259
4688,-2.90413
